日期,楼盘,单价,底价,地区,户型,面积
20201002,首开&华侨城&金茂|东湖金茂府,26500,300万,洪山/青山,3/4,118-141
20201002,长江凯旋城,11300,122万,黄陂/武湖,3,108-124
20201002,美好长江首玺,13500,125万,洪山/白沙洲,3,97-123
20201002,海伦堡汉江府,8200,79万,东西湖/东西湖其它,3/4,96-130
20201002,兰亭大境,16250,171万,沌口开发区/沌口,3/4,105-143
20201002,越秀汉阳星汇云锦,25000,325万,汉阳/钟家村,3,125-142
20201002,新力金沙湾,9500,102万,新洲/阳逻,3,108-118
20201002,电建地产洺悦御府,13200,128万,东西湖/金银湖,3/4,97-143
20201002,碧桂园海昌克拉公馆,14000,65万,东西湖/将军路,1/3,47-82
20201002,观湖园二期,15500,186万,蔡甸/后官湖,4,117-142
20201002,光谷崇文中心,13000,65万,东湖高新/光谷东,1/2/3,50-101
20201002,万博玖珑湾,11000,109万,黄陂/盘龙城,3,121-130
20201002,F天下,30000,760万,黄陂/盘龙城,4/5,245-344
20201002,泛海国际兰海园三期碧海园,37000,962万,江汉/CBD西北湖,4,260
20201002,兴华尚都国际,27000,561万,江汉/CBD西北湖,3/4/5,103-247
20201002,华发中城荟二期中央首府,32650,457万,江汉/CBD西北湖,3/4,95-168
20201002,碧桂园泰富城,15800,55万,沌口开发区/沌口,2,35-57
20201002,鑫聚温莎半岛,26000,1000万,蔡甸/后官湖,4/7/1,385-552
20201002,碧桂园泰富城,22000,160万,沌口开发区/沌口,0,0-0
20201002,华星融城二期,15000,142万,东西湖/将军路,2/3/4,98-140
20201002,泛海国际芸海园,31000,500万,江汉/CBD西北湖,2/3/4/6,102-386
20201002,金色港湾双湖林语,15200,67万,沌口开发区/沌口,3/4/5,119-226
20201002,金地悦江时代,18500,210万,硚口/古田,3/4,114-142
20201002,绿地汉口中心,35000,126万,江岸/塔子湖,0,0-0
20201002,招商沃德公馆,15000,124万,硚口/古田,2/3,83-109
20201002,联泰滨江中心,13000,88万,青山/青山,3,55-68
20201002,御湖园,10500,110万,黄陂/黄陂其它,3,105-128
20201002,恒大科技旅游城,19000,323万,江夏/江夏其它,4/5/6,180-287
20201002,港湾江城二期,13800,166万,沌口开发区/沌口,3,99-130
20201002,卧龙东方郡,17500,300万,东西湖/金银湖,3/4,162-252
20201002,招商江湾国际,30000,0,硚口/古田,0,0-0
20201002,海伦国际,11800,114万,洪山/洪山其它,3,75-111
20201002,中南拂晓城,11464,112万,黄陂/黄陂其它,3/4,98-123
20201002,融创中心武汉壹号院,41200,600万,武昌/水果湖,4,215-245
20201002,融创观澜府,18000,219万,东西湖/吴家山,3/4,122-165
20201002,武汉雅居乐花园,13848,128万,江夏/庙山,3/4,92-143
20201002,都会轩,32000,1270万,江汉/前进江汉,6,397
20201002,当代万国城MOMΛ,15500,141万,汉阳/王家湾,3,91-119
20201002,汉北怡景园,11240,94万,黄陂/武湖,2/3,84-118
20201002,招商一江璟城,19240,260万,青山/青山,3/4,127-171
20201002,远洋汉口中心,15000,105万,江汉/长丰常码头,1/2/4,59-157
20201002,中南熙悦,15700,194万,东西湖/东西湖其它,3/4,125-143
20201002,绿地国博财富中心,25000,195万,汉阳/钟家村,0,0-0
20201002,立方时空,17000,70万,东西湖/吴家山,3,41-55
20201002,光谷未来城,20114,207万,东湖高新/光谷东,3/4,103-140
20201002,金科城,19240,200万,洪山/青山,3/4,115-144
20201002,山海观,13500,129万,黄陂/盘龙城,3/4,97-143
20201002,锦深汉南公馆,6500,87万,汉南/汉南其它,3,134-140
20201002,青年说,18000,60万,汉阳/王家湾,1/2/3/4,33-57
20201002,百步亭现代城,21000,117万,江岸/百步亭,1/2,56-62
20201002,南山十里星空,12500,137万,黄陂/盘龙城,3/4,110-129
20201002,越秀星悦湾畔,16000,79万,汉阳/钟家村,2/3,48-69
20201002,金地自在城,18000,38万,洪山/团结大道,1,20-245
20201002,城投瀚城璞岸,22500,250万,洪山/卓刀泉,3/4,108-230
20201002,新华尚水湾,24700,270万,硚口/古田,3/4,135-184
20201002,国瑞新港广场,6700,81万,新洲/阳逻,3,122-133
20201002,外滩柒号,45000,927万,江岸/三阳路,3,207-292
20201002,天纵御景湾,9800,91万,黄陂/黄陂其它,3/4,97-135
20201002,华中文谷知音盛棠,25000,475万,蔡甸/后官湖,3/6/7,190-1141
20201002,佳兆业滨江壹号,15000,62万,汉阳/王家湾,0,0-0
20201002,招商东城华府,17675,171万,东湖高新/光谷南,3/4/6,107-227
20201002,天祥尚府,24000,265万,东湖高新/三环南,0,0-0
20201002,光谷青年汇,50000,105万,东湖高新/金融港,0,0-0
20201002,花博汇漫漫城,8000,30万,蔡甸/蔡甸城区,2/3,45-90
20201002,现代天外天小镇,7100,104万,沌口开发区/沌口,5,202
20201002,新力城,14600,160万,洪山/白沙洲,3,114-130
20201002,中建福地星城,27000,300万,洪山/珞狮南路,3/4,112-156
20201002,新港长江府,36500,1263万,江汉/前进江汉,4,322-351
20201002,武汉雅居乐花园,34267,0,江夏/庙山,3/4,122-220
20201002,泛海国际兰海园,37000,962万,江汉/CBD西北湖,4,260-306
20201002,印江山,9000,102万,沌口开发区/沌口,3/4,103-131
20201002,保利爱尚里,23000,250万,武昌/团结大道,3,105-125
20201002,南湖半岛,27000,650万,洪山/卓刀泉,3/4/5,245-342
20201002,龙湖春江彼岸,23000,243万,汉阳/钟家村,3/4,110-173
20201002,百瑞景中央生活区五期东区,32500,260万,武昌/中南丁字桥,2,81-97
20201002,龙湖春江郦城,17300,200万,硚口/长丰常码头,3/4,121-143
20201002,滨江金茂府,25903,243万,汉阳/钟家村,2/3/4,96-143
20201002,正荣紫阙台,25000,275万,东湖高新/民族大道,3/4,110-142
20201002,地铁盛观尚城,15500,155万,汉阳/王家湾,3/4,100-160
20201002,金地悦海湾,15500,153万,东西湖/金银湖,3/4,95-140
20201002,朗诗西海岸,11000,153万,蔡甸/中法生态城,3,139-153
20201002,南益名士公馆,12500,152万,蔡甸/后官湖,3/4,122-142
20201002,旭辉华宇江悦府,14800,165万,洪山/白沙洲,3/4,112-139
20201002,德成红墅,16000,279万,黄陂/盘龙城,4/5,153-269
20201002,鼎鑫摩卡小镇,12710,141万,黄陂/盘龙城,3/4,124-171
20201002,金银湖1号院,18000,180万,东西湖/金银湖,2/3/4,90-133
20201002,泛海国际香海园,31500,872万,江汉/CBD西北湖,4/5,306-366
20201002,远洋心汉口3期,22365,243万,江汉/长丰常码头,3/4,109-143
20201002,恒韵府,19430,241万,汉阳/七里庙,2/3,102-192
20201002,融侨滨江城│星域,21000,154万,武昌/杨园,1/2/3,79-254
20201002,武汉融侨滨江城|天域|美域,27600,317万,武昌/杨园,3/4,111-181
20201002,大华公园华府,11000,93万,黄陂/盘龙城,3/4,85-134
20201002,金地悦江时代,25000,150万,硚口/古田,0,0-0
20201002,华发阳逻金茂逸墅,10000,93万,新洲/阳逻,3/4,96-136
20201002,佳兆业广场天御,25000,135万,武昌/武昌火车站,1,44-53
20201002,鹏湖湾,13200,0,江夏/文化大道,3/4/5,106-184
20201002,旭辉江山境,15497,193万,洪山/白沙洲,3/4,125-178
20201002,佳兆业悦府,13500,129万,东西湖/东西湖其它,3/4,96-133
20201002,五矿万境水岸,12500,123.7万,江夏/江夏其它,3/4,99-165
20201002,金地北辰阅风华,18600,200万,东西湖/常青花园,3,107-114
20201002,弘阳印月府,18500,237万,汉阳/四新,3/4,127-168
20201002,万科保利联投理想星光,13600,134.6万,江夏/江夏其它,3/4,90-120
20201002,远洋东方境世界观,25761,446万,汉阳/钟家村,2/3/4,99-302
20201002,中海万松九里,38000,874万,江汉/武广万松园,4,230
20201002,力高雍湖湾,25000,252万,蔡甸/后官湖,3,95-195
20201002,金川纯水岸,11600,97万,黄陂/盘龙城,3,84-90
20201002,中建铂公馆,17377,170万,洪山/白沙洲,3/4,102-156
20201002,绿地汉口中心,14000,238万,江岸/塔子湖,0,0-0
20201002,中城新时代,13500,116万,黄陂/盘龙城,3/4,86-132
20201002,平安御苑,20000,187.3万,东湖高新/三环南,3,93-113
20201002,洺悦华府,7300,75万,新洲/阳逻,3/4,84-139
20201002,天下南湖湾,23000,210万,洪山/珞狮南路,3,103-118
20201002,天下南湖湾,23800,85万,洪山/珞狮南路,2/3,36-76
20201002,世纪中心,25000,187万,江汉/前进江汉,0,0-0
20201002,外滩1861,40000,800万,江岸/前进江汉,0,0-0
20201002,绿地汉口中心S6号楼,14500,66万,江岸/塔子湖,1/3/4,46-48
20201002,江夏天地,8500,40万,江夏/文化大道,1,85
20201002,青青佳园,18158,254万,东西湖/将军路,3/4,122-145
20201002,天赐金龙城,11076,121万,东西湖/金银湖,3/4,110-174
20201002,保利和光晨樾,9655,90万,江夏/江夏其它,3,99-121
20201002,花样年·旭辉·碧云天,13700,145万,东西湖/金银湖,3/4,87-139
20201002,恒大科技旅游城,10200,102万,江夏/江夏其它,2/3,76-139
20201002,网安合寓,8805,34万,东西湖/金银湖,1/2/3,38-69
20201002,四新中央生活区,16500,74万,汉阳/四新,1/2/3,46-120
20201002,景瑞天赋滨江,15410,155万,洪山/白沙洲,3/4,102-141
20201002,嘉地珑墅,32000,544万,沌口开发区/沌口,5/6,170-202
20201002,东原阅境,15700,149万,东西湖/东西湖其它,3/4,95-125
20201002,建发金茂玺悦,12500,137.5万,江夏/江夏其它,3/4,97-138
20201002,建发金茂玺悦,32000,448万,江夏/江夏其它,0,0-0
20201002,龙湖春江郦城,16900,65万,硚口/长丰常码头,2/3,39-72
20201002,当代铭山筑,45000,500万,东湖高新/光谷东,5,97-127
20201002,阳逻万达广场御江,10326,112万,新洲/阳逻,3/4,90-129
20201002,阳逻万达广场御江,24600,344万,新洲/阳逻,3/4,140-170
20201002,阳逻万达广场御江,25000,100万,新洲/阳逻,0,0-0
20201002,葛洲坝龙湖江宸,20000,86万,江汉/CBD西北湖,2/3,43-86
20201002,城投瀚城璞岸,36000,850万,洪山/卓刀泉,4,236-237
20201002,龙湖春江郦城,26000,52万,硚口/长丰常码头,0,0-0
20201002,武地建发玺院,18300,190万,东湖高新/光谷东,3/4,104-144
20201002,万科新都会,28740,260万,洪山/老南湖,3/4,91-140
20201002,葛洲坝紫郡蘭园,11800,53万,沌口开发区/沌口,1/2/3/4,45-91
20201002,阳逻金茂悦,8818,72万,新洲/阳逻,3/4,89-136
20201002,德信江南大院,11000,102万,蔡甸/蔡甸城区,3/4,100-121
20201002,博译上坤云峯,价格待定,0,洪山/沙湖,3/4,189-221
20201002,保利军运村,15500,265万,江夏/江夏其它,3/4,98-171
20201002,帝大御璟城,12664,121万,黄陂/盘龙城,2/3/4,91-136
20201002,武汉诺德逸园,10227,99万,黄陂/黄陂其它,3/4,97-115
20201002,欧亚达云庭,9500,47万,江夏/文化大道,2,45-56
20201002,恒大科技旅游城,11000,56万,江夏/江夏其它,1/3,47-80
20201002,江樾云著,15000,128万,东西湖/吴家山,3/4,86-140
20201002,正商书香华府,11166,98万,蔡甸/蔡甸城区,3,88-130
20201002,首开光明国风上观,12800,122万,东西湖/东西湖其它,2/3,76-128
20201002,武地电建汤湖观筑,13800,152万,沌口开发区/沌口,3,112-136
20201002,电建地产洺悦江湾,18532,231万,汉阳/钟家村,3/4,120-140
20201002,金地悦江时代·悦PARK,11200,48万,硚口/古田,1,43
20201002,新城璞樾门第,18750,202万,东湖高新/光谷南,3/4,109-129
20201002,佳兆业广场天御,55000,82万,武昌/武昌火车站,0,0-0
20201002,南山十里星空,27500,68万,黄陂/盘龙城,0,0-0
20201002,红星天铂,21000,300万,新洲/阳逻,4/5,138-154
20201002,邻湖壹方,18000,100万,洪山/青山,1/2/3,44-53
20201002,武地融创锦上公馆,9200,93.8万,江夏/江夏其它,3,102-143
20201002,塔尖观邸,14500,116万,江岸/后湖,3,80-160
20201002,江悦蘭园,12700,125万,东西湖/东西湖其它,3/4,97-134
20201002,东原朗阅,9800,93万,新洲/阳逻,3/4,95-125
20201002,前川中梁首府,10052,95万,黄陂/前川,3/4,93-130
20201002,大华锦绣时代,23000,264万,青山/青山,2/3/4,97-154
20201002,招商江山和樾,18615,218万,汉阳/钟家村,3/4,120-139
20201002,绿城金地凤起听澜,26000,335万,汉阳/钟家村,3/4,129-184
20201002,景瑞天赋半岛,30000,430万,蔡甸/后官湖,2/4/5/6,89-189
20201002,恒大时代新城,8800,64万,汉南/汉南其它,2/3/4,73-208
20201002,远洋归元max,18000,54万,汉阳/钟家村/鹦鹉大道与翠微路交界处（地铁4,1,30-40
20201002,万可后海,12000,44万,黄陂/汉口北,2/3,42-73
20201002,武地电建君樾府,9500,107万,沌口开发区/沌口,3,113-127
20201002,北辰金地漾时代,12000,116万,东西湖/东西湖其它,3/4,97-128
20201002,北辰经开优+,9100,80万,沌口开发区/沌口,3,88-113
20201002,世界城创世界,11800,68万,东湖高新/光谷东,1,41-110
20201002,旭辉千山凌云,25840,371万,东湖高新/关山大道,3/4,118-178
20201002,经发龙湖雲峰原著,12986,124万,江夏/江夏其它,3,97-120
20201002,鹏湖湾十二墅,35000,480万,江夏/文化大道,4,160-165
20201002,星光耀绿城尊蓝,8500,46.2万,江夏/文化大道,1,42-53
20201002,联泰香域水岸,33000,160万,青山/青山,0,0-0
20201002,武汉英赫当代城MOMΛ,9780,91万,东西湖/东西湖其它,3/4,95-127
20201002,万科保利理想城市,13000,120万,洪山/白沙洲,3/4,95-126
20201002,融创武汉1890,20600,239万,汉阳/七里庙,3/4,116-143
20201002,当代云谷未来π,11000,27.5万,东湖高新/光谷南,1/2,25-52
20201002,保利星宸,16000,152万,汉阳/王家湾,3,95-125
20201002,中海尚璟,9850,92万,蔡甸/蔡甸城区,3/4,99-132
20201002,百步亭百街茂,21000,120万,江岸/百步亭,0,0-0
20201002,保利星耀,13520,153万,汉阳/王家湾,3/4,113-138
20201002,融创一江源,32000,368万,硚口/宗关,3/4,115-143
20201002,城投大桥龙城,10449,102万,黄陂/盘龙城,3,98-123
20201002,旭辉都会山,15600,150万,洪山/白沙洲,3,98-118
20201002,美的君兰半岛,16000,175万,江夏/江夏其它,3/4,102-135
20201002,龙湖紫都城,11000,54万,江夏/文化大道,1/2/3,48-75
20201002,五矿万境水岸,33000,574万,江夏/江夏其它,4/5,174-214
20201002,光和创谷,35000,60万,东湖高新/光谷东,0,0-0
20201002,海林康桥官邸,7500,72万,新洲/新洲其它,3/4,97-143
20201002,龙城汇萃园,22000,140万,黄陂/盘龙城,0,0-0
20201002,海伦堡汉江府,14000,135万,东西湖/东西湖其它,2/3,98-150
20201002,新城璞樾门第,30000,369.9万,东湖高新/光谷南,2/4/5,137-223
20201002,纽宾凯麓院,15700,171万,东湖高新/光谷东,3/4,96-186
20201002,花样年花好园,20640,180万,江岸/百步亭/建设大道兴业路地铁站K出口,2/3/4,87-145
20201002,格林中心,11600,67万,汉阳/四新,2/4,46-120
20201002,武汉碧云天,33000,92万,东西湖/金银湖,0,0-0
20201002,中国铁建梧桐苑阅立方,12000,96万,东湖高新/三环南,4/6,79-97
20201002,国创光谷上城尚寓,16500,61.05万,东湖高新/光谷东,1/2,37-57
20201002,经发龙湖雲峰原著,18533,263万,江夏/江夏其它,3/4,142-152
20201002,塔尖观邸,38000,121万,江岸/后湖,0,0-0
20201002,力高雍华年,40000,470万,东湖高新/光谷东,2/6,48-143
20201002,龙湖春江彼岸,47500,158万,汉阳/钟家村,0,0-0
20201002,金色港湾君临水岸,9100,96万,沌口开发区/沌口,3,104-137
20201002,武汉当代境MOMΛ,13000,120万,东西湖/东西湖其它,3,92-118
20201002,中梁天玺壹号,12500,122万,东西湖/东西湖其它,3,98-118
20201002,美的雅居乐云筑,17500,157万,东湖高新/光谷南,3,89-115
20201002,华润置地公园里,8500,75万,蔡甸/蔡甸其它,3,88-103
20201002,碧桂园云玺,11000,75万,东湖高新/光谷东,1,69-148
20201002,武地融创御央首府,21900,245万,江岸/百步亭,3/4,106-140
20201002,愉景湾,21000,63万,黄陂/武湖,2/3,32-68
20201002,万科城市之光,17800,0,洪山/白沙洲,3/4,110-142
20201002,武汉金恒福城市广场,16000,40万,黄陂/黄陂其它,0,0-0
20201002,武汉金恒福城市广场,7500,38万,黄陂/黄陂其它,1/2,52-104
20201002,金地悦海湾,22000,207万,东西湖/金银湖,0,0-0
20201002,宝业德信宸光里,价格待定,0,江夏/庙山,3/4,90-128
20201002,金茂华发武汉国际社区,13500,133万,江夏/江夏其它,3,99-129
20201002,中国铁建御湖,价格待定,0,汉阳/四新,3,105-129
20201002,中海光谷东麓,14960,108万,东湖高新/洪山其它,0,0-0
20201002,佳兆业浣溪璞园,价格待定,0,新洲/阳逻,0,0-0
20201002,中粮光谷祥云,45000,200万,东湖高新/光谷东,0,0-0
20201002,汉CITY环山道,12000,38万,汉阳/四新,1,33-51
20201002,东原印未来,12500,122万,东西湖/东西湖其它,3/4,97-127
20201002,蓝天湖岸,23500,420万,汉阳/七里庙,4,173-179
20201002,天池雅园,6500,30万,黄陂/前川,1/2,47-69
20201002,海伦国际,23000,70万,洪山/洪山其它,0,0-0
20201002,景瑞清能江南悦,9300,88万,蔡甸/蔡甸城区,3,95-108
20201002,佳兆业悦府,26800,128万,东西湖/东西湖其它,0,0-0
20201002,融创首创 | 国际智慧生态城市一江赋,8500,80万,沌口开发区/沌口,3,94-137
20201002,招商公园1872,30000,70万,汉阳/四新,0,0-0
20201002,华中国际广场,20000,45万,江岸/育才花桥,0,0-0
20201002,印江山二期,价格待定,0,沌口开发区/沌口,0,0-0
20201002,招商一江璟城,28000,0,青山/青山,0,0-0
20201002,光谷未来城,28285,352.8万,东湖高新/光谷东,3,126-159
20201002,揽胜公园,22000,515万,洪山/珞狮南路,4/5,163-250
20201002,美联奥林匹克花园五期,17175,187万,东西湖/常青花园,3/4,109-140
20201002,保利星河九洲,15500,151万,汉阳/王家湾,3/4,111-139
20201002,金辉优步湖畔,11000,107万,黄陂/黄陂其它,3/4,98-125
20201002,现代天外天小镇,15500,209万,沌口开发区/沌口,4/5/6,135-200
20201002,中建光谷之星,13500,52万,东湖高新/光谷东,1/2/3,38-135
20201002,绿地国博财富中心,14000,43万,汉阳/钟家村,1/2/3,33-90
20201002,中建锦绣双城,10389,112万,蔡甸/蔡甸城区,3/4,107-160
20201002,云尚武汉国际时尚中心,25000,125万,硚口/汉正街,1/2/3/4,50-168
20201002,楚天都市沁园,价格待定,0,洪山/江夏其它,0,0-0
20201002,临空香廷,11240,129万,黄陂/盘龙城,3/4/5,99-167
20201002,合一星光天地,13500,75万,东西湖/吴家山,1/2/3,54-121
20201002,北辰孔雀城航天府,6540,58万,新洲/新洲其它,3/4,90-130
20201002,京汉城市广场,70000,44万,江岸/大智路,0,0-0
20201002,卓尔生活城二期湖湾,价格待定,0,黄陂/汉口北,2/3,87-131
20201002,银泰御华园三期,21000,205万,江岸/百步亭,3,98-125
20201002,绿地城,8800,104万,汉南/汉南其它,2/3/4,97-135
20201002,千禧城,21018,239万,硚口/古田,3/4,114-148
20201002,光谷永利汇,17500,72万,洪山/卓刀泉,1,45-58
20201002,泰顺和商业中心,6500,40万,东西湖/东西湖其它,1/2,47-74
20201002,上坤绿城,6552,60万,新洲/新洲其它,3,96-129
20201002,汉北玺园,价格待定,0,黄陂/武湖,0,0-0
20201002,联投汉口郡,8800,124万,黄陂/武湖,3,141-160
20201002,恒达盘龙湾梅苑,10433,109万,黄陂/盘龙城,3/4,104-136
20201002,佳阳翠湖里,8500,35万,新洲/阳逻,1/3,41-120
20201002,时代新世界,26500,153万,硚口/宗关,1,58
20201002,中国核建锦城,9040,108万,蔡甸/蔡甸城区,3,100-180
20201002,银泰御华园二期,35500,940万,江岸/百步亭,4,273-334
20201002,美好名流汇,17500,166万,硚口/古田,3/4,95-153
20201002,兰江公园里,11611,102万,黄陂/盘龙城,2/3,87-132
20201002,光谷悦城,价格待定,0,东湖高新/光谷东,0,0-0
20201002,钰龙旭辉半岛,19100,223万,汉阳/七里庙,3,117-132
20201002,中建大公馆,价格待定,0,东湖高新/民族大道,0,0-0
20201002,泰合四千院,40000,0,黄陂/前川,8,1119
20201002,保利香颂,17642,222万,汉阳/王家湾,3/4,108-135
20201002,新亚花园,5500,31万,新洲/阳逻,2,100-103
20201002,诺展星座,20000,200万,武昌/团结大道,3/4,85-117
20201002,木兰樾境,价格待定,0,黄陂/前川,0,0-0
20201002,大华滨江天地三期铂金瑞府,22500,260万,青山/青山,3/4,100-169
20201002,青年公社,价格待定,0,江夏/庙山,2/3,50-65
20201002,板桥逸景,11000,0,黄陂/前川,3,87-116
20201002,海伦小镇,15000,207万,沌口开发区/沌口,4/5/6,138-175
20201002,尚璟瑞府,12600,127万,黄陂/盘龙城,3/4,107-163
20201002,空港中心,10000,0,黄陂/盘龙城,0,0-0
20201002,恒大御景湾,9000,59万,汉阳/钟家村,1,65
20201002,星悦城公园里,35000,63万,江岸/塔子湖,0,0-0
20201002,保和墨水湾,价格待定,0,汉阳/钟家村,3/4,88-126
20201002,合融清华源,9500,95万,黄陂/前川,3,100-119
20201002,奥山光谷世纪城,14000,159万,东湖高新/光谷东,2/5,77-221
20201002,前川欣城,价格待定,0,黄陂/前川,0,0-0
20201002,保利城SOHO中心,11000,62万,武昌/团结大道,1,44-61
20201002,幸福湾二期,价格待定,0,江岸/堤角,0,0-0
20201002,立城中心,15000,0,江岸/塔子湖,0,0-0
20201002,碧桂园生态城浅月湾52墅,23000,421万,东湖高新/光谷东,5,223-286
20201002,长投绿城蘭园,12154,111万,江夏/藏龙岛,2/3/4,79-136
20201002,二七星城,16800,100万,江岸/百步亭,1/2/3,60-150
20201002,清能清江锦城三期,价格待定,0,洪山/白沙洲,0,0-0
20201002,汉口派,19800,148万,江岸/百步亭,2/3,68-89
20201002,越秀星汇君泊越天地,33500,0,江岸/塔子湖,0,0-0
20201002,金岛金桥壹号,37000,0,江岸/后湖,0,0-0
20201002,新纪元艺墅庄园,价格待定,0,黄陂/武湖,5,210-249
20201002,庭瑞U-ME,16500,0,沌口开发区/沌口,3/5,72-78
20201002,武汉客厅,15500,0,东西湖/将军路,0,0-0
20201002,龙庭华府,价格待定,0,蔡甸/蔡甸城区,3,125
20201002,金地天悦,38000,190万,东湖高新/关西长职,0,0-0
20201002,联投广场,8500,0,江夏/文化大道,0,0-0
20201002,加州橘郡,13183,157万,江夏/庙山,3/4/5,115-141
20201002,卧龙墨水湖边,29000,720万,汉阳/四新,5,252
20201002,加州橘郡,价格待定,0,江夏/庙山,0,0-0
20201002,保利新武昌,14000,133万,洪山/白沙洲,3,131
20201002,中建汤逊湖壹号,38000,500万,江夏/文化大道,3/4/5,189-349
20201002,天纵半岛蓝湾,23000,60万,东西湖/将军路,0,0-0
20201002,钰龙旭辉半岛,30000,237万,汉阳/七里庙,3,133-136
20201002,新长江CBD中心,20000,0,江汉/CBD西北湖,0,0-0
20201002,天纵城,20000,0,黄陂/盘龙城,0,0-0
20201002,东方城三期,9650,83万,黄陂/武湖,2/3,87-107
20201002,顶琇国际城,14000,66万,江汉/唐家墩,1/3,43-67
20201002,金岛金桥壹号,37000,0,江岸/后湖,0,0-0
20201002,保合太和,12900,125万,黄陂/盘龙城,3,97
20201002,佳兆业滨江壹号,10000,178万,汉阳/王家湾,3,180
20201002,德雅国际城,7300,82万,新洲/阳逻,3/4/5,112-279
20201002,振泰汪集豪庭,5500,0,新洲/新洲其它,2/3,99-133
20201002,卧龙墨水湖边,21000,151万,汉阳/四新,0,0-0
20201002,复地东湖国际八期,38000,460万,武昌/中北路,3/4,142-225
20201002,幸福时代四期,19000,0,江岸/后湖,0,0-0
20201002,远洋心汉口二期,42500,255万,江汉/长丰常码头,0,0-0
20201002,佳柏现代城,12000,42万,东西湖/吴家山,1,45-70
20201002,网商总部大厦,17000,0,硚口/古田,0,0-0
20201002,琨瑜府,23730,284.7万,东湖高新/关山大道,4,120-190
20201002,汤逊湖山庄,14800,177.6万,江夏/庙山,4,110-140
20201002,泓博朗诗悦府,价格待定,0,江岸/后湖,0,0-0
20201002,金珠港湾二期,13500,186万,东西湖/金银湖,2/4,117-138
20201002,滨湖壹号别墅,价格待定,0,东湖高新/金融港/藏龙岛科技园藏龙大道特1号,5/7,465-637
20201002,世茂锦绣长江四期,30000,0,汉阳/钟家村,0,0-0
20201002,中部国际物联港,16000,16万,黄陂/黄陂其它,0,0-0
20201002,前川欣城二期,20000,0,黄陂/前川,0,0-0
20201002,人民武汉国际汽车城,17000,0,蔡甸/蔡甸其它,0,0-0
20201002,武汉自贸城,17000,68万,东西湖/东西湖其它,0,0-0
20201002,盛惠邻里MALL,17000,0,硚口/古田,0,0-0
20201002,泛海国际SOHO城,40000,400万,江汉/CBD西北湖,0,0-0
20201002,越秀国际金融汇,60000,408万,江汉/武广万松园,0,0-0
20201002,楚天都市沁园,13591,190万,洪山/江夏其它,0,0-0
20201002,恒大科技旅游城,价格待定,0,江夏/江夏其它,0,0-0
20201002,君临国际,40000,160万,武昌/徐东,0,0-0
20201002,华中城,23000,94.2万,江夏/江夏其它,0,0-0
20201002,融创智谷,10500,400万,洪山/珞狮南路,0,0-0
20201002,海尔国际广场,14500,127万,硚口/古田,0,0-0
20201002,港湾江城二期,价格待定,0,沌口开发区/沌口,0,0-0
20201002,汉口御江澜庭,11000,92万,黄陂/武湖,2/3,83-113
20201002,文一云水湾,10800,127万,东西湖/吴家山,3/4,118-140
20201002,中国健康谷,20000,0,蔡甸/中法生态城,0,0-0
20201002,滨江学府,6500,29万,新洲/阳逻,1/2/3,40-142
20201002,联投金色港湾三期,34000,136万,沌口开发区/沌口,0,0-0
20201002,丽红广场,8500,0,青山/青山,0,0-0
20201002,欣隆湖滨半岛,价格待定,0,新洲/阳逻,0,0-0
20201002,汇通新长江,24000,0,洪山/徐东,0,0-0
20201002,联享企业中心,8000,240万,东湖高新/光谷南,0,0-0
20201002,知音半岛,23000,500万,蔡甸/中法生态城,5/6,241-271
20201002,ICC环贸中心,28000,560万,江汉/武广万松园,0,0-0
20201002,网商总部大厦,70000,0,硚口/古田,0,0-0
20201002,金色港湾MIMI空间,15000,35万,沌口开发区/沌口,1,23
20201002,中锐滨湖尚城,13500,132万,江夏/庙山,3/4,98-142
20201002,新阳广场,15000,81万,汉阳/四新,2/3/4,37-75
20201002,人民武汉国际汽车城,6200,30万,蔡甸/蔡甸其它,1/2,48-82
20201002,钰龙湾,28000,372万,汉阳/七里庙,0,0-0
20201002,世茂锦绣长江六期,15000,120万,汉阳/钟家村,0,0-0
20201002,中部慧谷,价格待定,0,东西湖/金银湖,0,0-0
20201002,高雄88号,19000,0,江岸/台北香港路,0,0-0
20201002,浙商国际大厦商业广场,26000,0,江岸/台北香港路,0,0-0
20201002,新世界中心,24000,0,硚口/武广万松园,0,0-0
20201002,武汉深鸿润国际文化科技城,6500,0,蔡甸/蔡甸城区,0,0-0
20201002,国际企业峰汇,9000,360万,硚口/古田,0,0-0
20201002,欣隆壹号公馆,14000,0,汉阳/四新,0,0-0
20201002,武汉软件新城,6800,102万,东湖高新/光谷东,0,0-0
20201002,华中智谷,9500,0,沌口开发区/沌口,0,0-0
20201002,光谷万科中心,20000,0,东湖高新/民族大道,0,0-0
20201002,泊樾府,14800,177.7万,江夏/庙山,3,95-161
20201002,中冶39大街,24500,294万,青山/青山,3/4,120-169
20201002,中国铁建1818中心,28000,0,武昌/楚河汉街,0,0-0
20201002,天宇盛世滨江,40000,0,硚口/宗关,0,0-0
20201002,金珠港湾,13500,228万,东西湖/金银湖,2/3,117-194
20201002,美好名流汇,价格待定,0,硚口/古田,0,0-0
20201002,恒大城,8000,41万,东西湖/金银湖,1,52
20201002,吾行里,14500,72万,青山/青山,0,0-0
20201002,联投中心,34800,591万,武昌/积玉桥,4,211
20201002,海伦春天四期,40000,0,汉阳/王家湾,0,0-0
20201002,城投四新之光,16500,236万,汉阳/四新,4,143-233
20201002,三和名仕城,9500,79万,蔡甸/蔡甸城区,2/3,83-120
20201002,新城阅璟台,14000,158万,洪山/白沙洲,3,113-138
20201002,金珠港湾,22000,500万,东西湖/金银湖,5,220-298
20201002,万盈国际,价格待定,0,武昌/杨园,0,0-0
20201002,实地君兰汀岸,17500,245万,沌口开发区/沌口,3,135
20201002,隆汇国贸中心,40000,0,黄陂/前川,0,0-0
20201002,海珀滨江,32800,450万,武昌/积玉桥,2/4,136-270
20201002,万丰丰泽园,11660,131万,东西湖/金银湖,3,113
20201002,武汉建工科技中心,14500,0,沌口开发区/沌口,0,0-0
20201002,西寺学府,6500,26万,黄陂/前川,2,45
20201002,F学府,15000,0,黄陂/盘龙城,0,0-0
20201002,F绿岛,15000,0,黄陂/盘龙城,0,0-0
20201002,绿地铂瑞公馆,26000,156万,武昌/积玉桥,1/2,60-237
20201002,大学城金街,25000,75万,汉南/汉南其它,0,0-0
20201002,光谷澎湃城奥山府,16800,195万,东湖高新/光谷南,3,118
20201002,保利上城,价格待定,0,洪山/白沙洲,0,0-0
20201002,东合发展中心,13500,190万,沌口开发区/沌口,0,0-0
20201002,越秀星悦峯,32000,0,武昌/沙湖,2/3/4,54-82
20201002,汉街总部国际万达尊写字楼,28000,0,武昌/水果湖,0,0-0
20201002,四新天祥广场,12500,46万,汉阳/四新,1,28-44
20201002,汉口左岸天地二期,9800,89万,黄陂/汉口北,3,91-132
20201002,北辰蔚蓝城市,11464,114万,黄陂/黄陂其它,3/4,107-139
20201002,碧桂园生态城东境,15000,163万,东湖高新/光谷东,3/4,109-143
20201002,阳光城央座,价格待定,0,江汉/台北香港路,0,0-0
20201002,中建汤逊湖壹号,21000,84万,江夏/文化大道,0,0-0
20201002,江南新天地,12000,219万,江夏/文化大道,4,183
20201002,保和墨水湾,35000,627万,汉阳/钟家村,4/5,190-198
20201002,万达御湖壹号,38000,630万,洪山/楚河汉街,3,180-200
20201002,翰林公馆,10500,100万,黄陂/盘龙城,3/4,96-139
20201002,万盈国际,价格待定,0,武昌/杨园,1/2,80-113
20201002,奥山光谷世纪城,16000,174万,东湖高新/光谷东,0,0-0
20201002,汉口新界广场,70000,350万,江汉/武广万松园,0,0-0
20201002,三和剑桥城,25000,0,蔡甸/蔡甸城区,0,0-0
20201002,金湖听语,25000,125万,东西湖/金银湖,0,0-0
20201002,御江壹品青山樽,22600,212万,青山/青山,3,101-137
20201002,钰龙旭辉半岛,18500,111万,汉阳/七里庙,0,0-0
20201002,庭瑞新汉口,15500,67万,东西湖/金银湖,1/2,45-58
20201002,西北湖壹号御玺湾,33000,660万,江汉/CBD西北湖/西北湖路北段（地铁2,4/5,199-318
20201002,华星龙腾国际,5900,64万,新洲/新洲其它,3,109-129
20201002,中建壹品澜湾,22000,154万,东西湖/金银湖,0,0-0
20201002,海联时代广场,9000,0,硚口/古田,0,0-0
20201002,香水湾,25000,0,洪山/白沙洲,0,0-0
20201002,华润桃源里,50000,500万,江岸/台北香港路,0,0-0
20201002,白金壳子,16000,76万,东西湖/将军路,1/2,45-70
20201002,绿城武汉黄浦湾,48175,476万,江岸/黄埔永清,3,99-220
20201002,武汉院子,26000,240万,蔡甸/蔡甸其它,4/5,88-182
20201002,星悦湾,7100,77万,汉南/汉南其它,3,101-119
20201002,光谷国际人才港,15000,0,东湖高新/光谷东,0,0-0
20201002,北辰光谷里,18500,227万,东湖高新/关山大道,1/2,50-123
20201002,保利天悦中心,21000,200万,东湖高新/关山大道,0,0-0
20201002,国采光立方,15000,240万,东湖高新/光谷东,0,0-0
20201002,远洋东方境世界观,19000,72万,汉阳/钟家村,1/2,38-76
20201002,亿德光谷先锋,16000,78万,东湖高新/关山大道,1,42-74
20201002,联投光谷瑞园,14950,228.7万,东湖高新/光谷东,3/4,102-190
20201002,万科金域国际,22404,264万,汉阳/七里庙,3,118-140
20201002,华中中交城,价格待定,0,沌口开发区/沌口,0,0-0
20201002,空港中心,9500,43万,黄陂/盘龙城,1,45-53
20201002,四新天祥广场,35000,140万,汉阳/四新,0,0-0
20201002,君临国际,21000,12.6万,武昌/徐东,0,0-0
20201002,碧桂园忆西湖,12000,142万,蔡甸/蔡甸其它,3/5,118-218
20201002,新城庭瑞君悦观澜,7500,81万,汉南/汉南其它,3/4,108-127
20201002,金地中法仟佰汇,9500,31万,蔡甸/蔡甸城区,1,46
20201002,孔雀城问津兰亭,6864,70万,新洲/新洲其它,3/4,90-125
20201002,状元府,9400,95万,蔡甸/蔡甸城区,0,0-0
20201002,绿地香树花城,26500,260万,青山/青山,0,0-0
20201002,绿地悦澜湾二期,35000,0,汉阳/四新,0,0-0
20201002,越秀国际金融汇,36000,1008万,江汉/武广万松园,5,280
20201002,华发未来荟,14000,70万,汉阳/四新,1/2/3,40-99
20201002,翰林尚苑,16780,171万,洪山/文化大道,3/4,102-165
20201002,红星天铂,价格待定,0,新洲/阳逻,0,0-0
20201002,碧桂园凤凰湾,8600,123万,汉南/汉南其它,4/5,143-228
20201002,碧桂园凰城悦山湖,9500,98万,汉南/汉南其它,3/4,103-141
20201002,空港中心,15000,0,黄陂/盘龙城,6/8/1,591-1206
20201002,泰然南湖玫瑰湾三期,49500,1740万,洪山/珞狮南路,0,0-0
20201002,碧桂园蜜柚,30000,111万,江岸/塔子湖,0,0-0
20201002,中建御景星城,29000,437万,硚口/宗关,4,151-152
20201002,同馨花园雍豪府,39000,362万,硚口/宝丰崇仁,2/3/4,93-183
20201002,滨湖壹号,11500,178万,东湖高新/金融港/藏龙岛科技园藏龙大道特1号,4,155
20201002,华宇旭辉大厦,24000,0,武昌/积玉桥,0,0-0
20201002,金地格林东郡,40000,219万,东湖高新/民族大道,0,0-0
20201002,中南拂晓城,24500,49万,黄陂/黄陂其它,0,0-0
20201002,武汉SOHO,5300,0,新洲/阳逻,1/2,35-60
20201002,天汇龙城,10433,104万,黄陂/盘龙城,2/3/4,86-170
20201002,万基国际广场,价格待定,0,黄陂/前川,0,0-0
20201002,武汉国博新城,16500,155万,汉阳/四新,4,144-178
20201002,南德国际城,11000,121万,黄陂/前川,3,110-122
20201002,金鑫国际,价格待定,0,东湖高新/华科大,2/3,66-108
20201002,华发中城荟,30000,210万,江汉/CBD西北湖,1/3,71-140
20201002,顶琇国际城,20264,152万,江汉/唐家墩,0,0-0
20201002,万隆广场,42000,38万,武昌/白沙洲,0,0-0
20201002,天纵半岛蓝湾,13500,121万,东西湖/将军路,3/4,90-140
20201002,枫泽星都汇,13000,165万,江夏/文化大道,0,0-0
20201002,中国健康谷,11760,119万,蔡甸/中法生态城,2/3,101-131
20201002,联投花山郡别墅,价格待定,0,东湖高新/光谷东,0,0-0
20201002,依山龙郡,9300,133万,蔡甸/蔡甸城区,0,0-0
20201002,新城庭瑞君悦观澜,13000,230万,汉南/汉南其它,4,157-207
20201002,葛洲坝国际中心,19500,183万,硚口/宝丰崇仁,0,0-0
20201002,五矿澜悦云玺,12500,132万,黄陂/盘龙城,3/4,106-142
20201002,越秀逸境,12500,140万,蔡甸/后官湖,3/4,110-162
20201002,伟鹏万科御玺滨江,43850,986万,江岸/黄埔永清,4,219-221
20201002,鄂旅投书院世家,31000,0,洪山/白沙洲,3,140-215
20201002,江城之门,价格待定,0,武昌/积玉桥,0,0-0
20201002,国采光立方,30000,465万,东湖高新/光谷东,4,155-194
20201002,仁恒公园世纪,23000,253万,江岸/塔子湖,3/4,110-221
20201002,中信泰富滨江金融城,30000,225万,江岸/二七,1/2,75-95
20201002,美联中心,20000,98万,江岸/塔子湖,2,49-55
20201002,美联德玛假日,12500,117万,东西湖/金银湖,3/4,90-134
20201002,盘龙理想城,9900,95万,黄陂/盘龙城,3/4,96-131
20201002,阳光城十里新城,价格待定,0,汉阳/王家湾,0,0-0
20201002,玉金山墅,18000,218万,蔡甸/蔡甸其它,2/4/5/6/7,121-184
20201002,正商金域世家,16300,178万,洪山/白沙洲,3,108-127
20201002,绿地汉口中心,30000,186万,江岸/塔子湖,0,0-0
20201002,中建壹品澜郡,10697,135万,黄陂/黄陂其它,4,127-129
20201002,越秀翰悦府,9000,88万,蔡甸/蔡甸城区,3,98-128
20201002,洺悦府,40000,195万,硚口/宗关,0,0-0
20201002,绿地汉正中心,价格待定,0,江汉/前进江汉,0,0-0
20201002,清能正荣府,10454,112万,黄陂/武湖,3/4,108-136
20201002,新长江香榭国际城,7200,60万,江夏/江夏其它,2/3/4,85-137
20201002,融创融汇广场,25000,0,江岸/三阳路,0,0-0
20201002,禹洲朗廷元著,18500,204万,沌口开发区/沌口,3/4,110-165
20201002,新影华翔城,7050,69万,新洲/新洲其它,3/4,83-140
20201002,新华壹号,价格待定,0,江汉/CBD西北湖,4,352
20201002,城投秀水青城,13800,130万,青山/青山,3,110-139
20201002,招商公园1872,42000,844万,汉阳/四新,3/4,201-358
20201002,凯德西城,25000,0,硚口/古田,0,0-0
20201002,瀚华天地,26000,0,新洲/阳逻,0,0-0
20201002,光和创谷,13000,89.7万,东湖高新/光谷东,0/1/3,70-141
20201002,金地湖山境,14643.86,121.793万,江夏/藏龙岛,0,0-0
20201002,君荟天地,21800,289万,江汉/塔子湖,3,133-140
20201002,万科云城,19050,230万,洪山/白沙洲,3/4,118-171
20201002,铁投江南御景,23000,0,青山/青山,0,0-0
20201002,金茂国际公寓,20000,76万,洪山/青山,1/2/3/4,38-124
20201002,华发中城峰景湾,8008,78万,汉南/汉南其它,3/4,100-140
20201002,天熙楚世家,9072,88万,黄陂/前川,3,92-121
20201002,保利庭瑞阅江台,19467,234万,汉阳/王家湾,3/4,117-143
20201002,孔雀城航天府,7000,70万,新洲/新洲其它,3/4,88-122
20201002,华发中城中央公园,9800,105万,新洲/阳逻,3/4,87-147
20201002,国采光立方,13800,114万,东湖高新/光谷东,3,83-102
20201002,江夏府,13300,150万,江夏/江夏其它,3/4,105-142
20201002,南德长江城,12500,148万,黄陂/武湖,3/4,118-164
20201002,万科新世纪翡翠滨江,价格待定,0,汉阳/王家湾,0,0-0
20201002,佳柏现代城,55000,100万,东西湖/吴家山,0,0-0
20201002,龙辰丽湾二期,价格待定,0,黄陂/汉口北,3,92-126
20201002,星河2049,18218,180万,江岸/后湖,3,99-136
20201002,中建壹品澜荟,13500,162万,东西湖/金银湖,3/4,125-170
20201002,航城丽都,6700,72万,汉南/汉南其它,3/4,108-143
20201002,蓝光雍锦天府,8400,83万,汉南/汉南其它,3/4,93-137
20201002,绿城凤起乐鸣,19200,211万,东湖高新/光谷东,3/4,109-142
20201002,中建壹品澜庭,9319,96万,沌口开发区/沌口,3/4,103-130
20201002,世茂龙湾国风十期,18000,166万,蔡甸/后官湖,2,92-132
20201002,蓝光林肯公园,15000,105万,硚口/长丰常码头,0,0-0
20201002,沌口天地,20000,76万,沌口开发区/沌口,0,0-0
20201002,招商樾望,17000,650万,汉阳/四新,0,0-0
20201002,华宇旭辉星空,17000,49万,江岸/塔子湖,1/2,32-140
20201002,奥山经开澎湃城,9000,86万,沌口开发区/沌口,3/4,112-136
20201002,纽宾凯汉city汉棠,21000,172万,汉阳/王家湾,2,82-90
20201002,玉带家园,42000,0,硚口/宝丰崇仁,0,0-0
20201002,美好长江首玺,30000,120万,洪山/白沙洲,0,0-0
20201002,绿地领海中心,10000,0,青山/青山,0,0-0
20201002,华生城首府,15200,65万,硚口/吴家山,2/3,43-85
20201002,复地海上海,40000,256万,汉阳/钟家村,0,0-0
20201002,奥山首府,8500,98万,蔡甸/蔡甸其它,3/4,115-141
20201002,融创融汇广场,45000,486万,江岸/三阳路,0,0-0
20201002,兰亭风华,7700,72万,汉南/汉南其它,3,93-143
20201002,奥山首府,15500,217万,蔡甸/蔡甸其它,6,140
20201002,九坤新城壹号御府,28000,49万,东西湖/东西湖其它,0,0-0
20201002,鑫苑藏龙世家,价格待定,0,江夏/江夏其它,0,0-0
20201002,泰禾知音湖院子,13600,200万,蔡甸/后官湖,4,147-170
20201002,光谷澎湃城奥山府,30000,650万,东湖高新/光谷南,4/5,251-310
20201002,长江凯旋城,28000,48万,黄陂/武湖,0,0-0
20201002,武汉雅居乐花园,28000,244万,江夏/庙山,0,0-0
20201002,保利和光晨樾,24000,350万,江夏/江夏其它,3,164-167
20201002,碧桂园凤凰湾,13000,229万,汉南/汉南其它,4/5,176-196
20201002,金拓银湖时代,14160,164万,东西湖/金银湖,3,116-119
20201002,沙湖九号,41600,480万,洪山/楚河汉街,3/4,127-202
20201002,恺德中心,24000,132万,东湖高新/光谷东,2,55
20201002,天纵御府,11000,149万,黄陂/盘龙城,4,104-136
20201002,汉悦府坤璟,20640,231万,江岸/后湖,4,147-192
20201002,中信泰富滨江金融城,41600,682万,江岸/二七,3/4,164-199
20201002,学林博雅天城,6500,65万,新洲/新洲其它,3,106-135
20201002,智慧车都青年城,7945,44万,沌口开发区/沌口,1/2/3,56-116
20201002,金地保利褐石公馆,22500,310万,洪山/白沙洲,3,138-146
20201002,东原乐见城,38000,0,洪山/珞狮南路,0,0-0
20201002,金色港湾MIMI空间,25000,38万,沌口开发区/沌口,0,0-0
20201002,绿地汉正中心,24000,148万,江汉/前进江汉,1/2,62-178
20201002,汉阳城二期云顶,20500,242万,汉阳/钟家村,3,117-141
20201002,智慧车都青年城,16000,272万,沌口开发区/沌口,3/4,174-261
20201002,保利香颂,26000,182万,汉阳/王家湾,0,0-0
20201002,中城悦城,50000,135万,江汉/CBD西北湖,0,0-0
20201002,汉阳城二期云顶,16800,81万,汉阳/钟家村,2,49-77
20201002,华发四季,13525,121万,东西湖/东西湖其它,3/4,90-131
20201002,汉口澎湃城,14900,146万,东西湖/东西湖其它,3,98-127
20201002,中铁世纪金桥,12500,56万,汉阳/四新,1/2,45-75
20201002,翡翠中心润玺,15767,186万,硚口/长丰常码头,3/4,118-161
20201002,世茂云锦瑰海园,19500,50万,洪山/白沙洲,0,0-0
20201002,绿地城,12000,0,汉南/汉南其它,6/7/8,247-405
20201002,江山如画,32000,166万,硚口/集贤,2/3/5/6,52-245
20201002,华中智谷,12000,38万,沌口开发区/沌口,1,32-41
20201002,华发越秀悦府,13000,117万,黄陂/盘龙城,3/4,90-130
20201002,长投农机产业园,11000,0,黄陂/武湖,0,0-0
20201002,奥山经开澎湃城,价格待定,0,沌口开发区/沌口,0,0-0
20201002,奥山经开澎湃城,价格待定,0,沌口开发区/沌口,0,0-0
20201002,星湖湾及君怡公馆,22000,169万,江岸/塔子湖,2/3,77-121
20201002,欧亚达云栖,10500,51万,东西湖/东西湖其它,2,49-98
20201002,国采光立方,35000,448万,东湖高新/光谷东,0,0-0
20201002,五矿澜悦云玺,18000,264万,黄陂/盘龙城,3/4,147-195
20201002,华发峰尚,13600,0,新洲/阳逻,2/3,115-141
20201002,欣隆湖滨半岛,16500,407万,新洲/阳逻,4,251-333
20201002,光明上海公馆,27000,259万,江岸/塔子湖,0,0-0
20201002,当代阳逻满庭春MOMΛ,15000,60万,新洲/阳逻,0,0-0
20201002,金科城,45000,180万,洪山/青山,0,0-0
20201002,南德国际城,22000,40万,黄陂/前川,0,0-0
20201002,中建星光城,17850,228.4万,东湖高新/光谷东,3/4,128-138
20201002,新力金沙湾,17000,76万,新洲/阳逻,0,0-0
20201002,中粮光谷祥云,28000,440万,东湖高新/光谷东,4,163-164
20201002,汉口幸福万象,17500,60万,江岸/后湖,1/3,32-64
20201002,南湖时尚城,29000,100万,东湖高新/民族大道,0,0-0
20201002,洪山公馆,价格待定,0,武昌/中南丁字桥,0,0-0
20201002,碧桂园云玺,27000,432万,东湖高新/光谷东,4,162-170
20201002,汉口澎湃城,价格待定,0,东西湖/东西湖其它,0,0-0
20201002,湾郡北岸公馆,20166,348万,东湖高新/三环南,4,174
20201002,湾郡北岸公馆,21662,321万,东湖高新/三环南,4,153-214
20201002,新长江香榭澜溪三期,15500,0,汉南/汉南其它,0,0-0
20201002,百瑞景滨江生活区,7671,82万,新洲/新洲其它,3,107-132
20201002,世茂龙湾八期,18500,0,蔡甸/后官湖,0,0-0
20201002,南益名悦华府,11273,100万,洪山/白沙洲,3/4,95-129
20201002,恒大科技旅游城,价格待定,0,江夏/江夏其它,0,0-0
20201002,融创中心武汉壹号院,55000,290万,武昌/水果湖,0,0-0
20201002,中建光谷之星,30000,0,东湖高新/光谷东,0,0-0
20201002,地铁时代云上城,14000,156万,东西湖/将军路,2/3/4,83-151
20201002,融创望江府,23417,198万,武昌/白沙洲,3,95-133
20201002,九州通健康城,价格待定,0,汉阳/王家湾,2/3,54-58
20201002,保利香颂,40000,850万,汉阳/王家湾,4,297
20201002,梧桐花园,16172,150万,洪山/白沙洲,3/4,74-148
20201002,融创珞瑜路95号,30600,345万,洪山/街道口,3/4,115-175
20201002,金融街金悦府,16150,145.7万,江夏/文化大道,3/4,94-164
20201002,碧桂园光谷十里春风,17500,187万,东湖高新/光谷南,3,109-141
20201002,阳光100凤凰街,13208,103万,江夏/江夏其它,3,78-127
20201002,华中中交城,13000,56万,沌口开发区/沌口,1/2,45-80
20201002,碧桂园云境,27000,445.5万,东湖高新/光谷东,4/5,165-172
20201002,御湖园,26000,80万,黄陂/黄陂其它,0,0-0
20201002,纽宾凯公园里,17500,85万,汉阳/七里庙,1,46
20201002,世茂龙湾国风十一期,23000,219万,蔡甸/后官湖,2/3,91-141
20201002,百秀城,9500,117万,黄陂/前川,3/4,117-142
20201002,金地中核格林格林,10836,107万,蔡甸/蔡甸城区,3/4,99-169
20201002,融园国际,16800,174万,东西湖/金银湖,0,0-0
20201002,新力城,32000,128万,洪山/白沙洲,0,0-0
20201002,融创观澜壹号,14000,126万,东西湖/金银湖,0,0-0
20201002,方园,19500,200万,青山/青山,3/4,108-143
20201002,绿景苑港东名居二期,25000,82万,洪山/团结大道,0,0-0
20201002,光明府,9300,95万,蔡甸/蔡甸其它,3,91-120
20201002,江御,23000,423万,汉阳/钟家村,4/5,138-293
20201002,武地融创金麟壹号,7000,68.6万,江夏/江夏其它,2/3/4,85-140
20201002,华润万象城·幸福里,37878,681万,江岸/台北香港路,3/4/5,180-330
20201002,新城桃李郡,13000,133万,东西湖/东西湖其它,3,101-130
20201002,汉口道6号,13000,128万,东西湖/金银湖,3,99-125
20201002,富力西溪悦居,13500,127万,东西湖/金银湖,3,94-120
20201002,中交香颂,5500,53万,新洲/新洲其它,3,96-128
20201002,华发未来城,7327,63万,新洲/阳逻,3,86-105
20201002,恒大龙城,15000,46万,黄陂/盘龙城,0,0-0
20201002,中国铁建江语城,12212,133万,东西湖/东西湖其它,3/4,111-132
20201002,地铁时代常青城,11000,40万,东西湖/将军路,1/2,37-77
20201002,葛洲坝紫郡蘭园,22000,92万,沌口开发区/沌口,0,0-0
20201002,绿地光谷中心城,35000,100万,东湖高新/光谷东,0,0-0
20201002,海伦春天四期,11000,41万,汉阳/王家湾,1,43
20201002,铂悦中心,价格待定,0,汉南/汉南其它,1/2/3,50-78
20201002,奥园滨江国际,20500,200万,青山/青山,3,95-117
20201002,广电兰亭盛荟,12000,42万,汉阳/四新,1/2,35-117
20201002,碧桂园学府壹号,6600,24万,蔡甸/蔡甸城区,1/2,35-105
20201002,交投逸景天宸,价格待定,0,蔡甸/蔡甸其它,3,104-123
20201002,金湖听语,12500,63万,东西湖/金银湖,1/2/3,50-75
20201002,武汉自贸城,9000,32万,东西湖/东西湖其它,2/3/4,36-91
20201002,武地汉樾台,17200,147万,硚口/古田,2/3/4,86-170
20201002,九坤五环璟城,14000,135万,东西湖/吴家山,3,97-109
20201002,庭瑞U-ME,35000,91万,沌口开发区/沌口,1,38
20201002,武建中心,23000,241万,江汉/CBD西北湖,0,0-0
20201002,交投合盛嘉园,9643,102万,黄陂/黄陂其它,3/4,110-146
20201002,湖景雅苑,7000,72万,新洲/阳逻,3/4,104-206
20201002,荣盛华庭,9424,99万,蔡甸/蔡甸城区,3,96-137
20201002,越秀博悦府,9060,102万,蔡甸/蔡甸城区,3,113-123
20201002,武汉融创城,13000,141.7万,江夏/江夏其它,0,0-0
20201002,百步亭和谐里,18200,220万,江岸/塔子湖,3/4,121-220
20201002,新昕广场,价格待定,0,汉阳/四新,0,0-0
20201002,越秀国际金融汇,22000,242万,江汉/武广万松园,2/3/4/5/6,110-273
20201002,武汉美桥富力广场,15140,76万,东湖高新/光谷东,2/3,66-86
20201002,碧桂园碧乐城,价格待定,0,洪山/珞狮南路,0,0-0
20201002,五环天地,18800,84万,洪山/虎泉杨家湾,1/2,43-89
20201002,弘阳印月府,20000,86万,汉阳/四新,0,0-0
20201002,朗诗熙华府,价格待定,0,武昌/杨园,0,0-0
20201002,新力雅园,价格待定,0,洪山/老南湖,3,96-117
20201002,美好香域花境,19000,57万,硚口/长丰常码头,0,0-0
20201002,龙湖中锦光谷城香颂,11000,79.2万,东湖高新/光谷东,0/2/3/4,72-77
20201002,泛悦城,价格待定,0,东湖高新/关山大道,0,0-0
20201002,泛悦城,42000,96万,东湖高新/关山大道,0,0-0
20201002,复星外滩中心,价格待定,0,硚口/汉正街,0,0-0
20201002,鄂旅投珞珈国际,价格待定,0,武昌/中南丁字桥,0,0-0
20201002,玉水金苑,6800,93万,新洲/阳逻,3/4,137-143
20201002,碧桂园光谷十里春风别墅,27000,380.7万,东湖高新/光谷南,3/4,141-151
20201002,绿城凤起乐鸣,28000,476万,东湖高新/光谷东,3,175-220
20201002,武地华发时光,13500,133万,东西湖/东西湖其它,3/4,99-135
20201002,江夏天地,20000,76万,江夏/文化大道,0,0-0
20201002,光谷学府,27000,380万,东湖高新/光谷东,4,141
20201002,祥和喜盈门,6200,72万,新洲/新洲其它,3,116-139
20201002,曦地港CITY ON,7289,60万,新洲/阳逻,2/3/4,83-136
20201002,保利城SOHO中心,12500,50万,武昌/团结大道,0,0-0
20201002,新阳广场,37000,111万,汉阳/四新,0,0-0
20201002,绿地光谷中心城,13500,90万,东湖高新/光谷东,1,53-78
20201002,绿地光谷中心城,13500,634万,东湖高新/光谷东,0,0-0
20201002,天纵御府,30500,137万,黄陂/盘龙城,0,0-0
20201002,至尚青年汇,8760,22万,沌口开发区/沌口,1/2,28-63
20201002,绿地香树花城,13000,57万,青山/青山,3/4,43-61
20201002,东原启城,25500,83万,洪山/白沙洲,0,0-0
20201002,中国铁建知语城,9426,101万,蔡甸/蔡甸城区,3,107-127
20201002,武地万科万维天地,31500,374万,硚口/宗关,3,119-143
20201002,幸福时代大家,16200,111万,江岸/百步亭,1/3,69-121
20201002,红星天铂,28000,42万,新洲/阳逻,0,0-0
20201002,洺悦芳华,41000,152万,汉阳/王家湾,0,0-0
20201002,保利上城,22000,125万,洪山/白沙洲,0,0-0
20201002,碧桂园桃李东方,8052,87万,新洲/新洲其它,3,109-117
20201002,武汉诺德逸都,8580,70万,新洲/阳逻,3/4,86-117
20201002,天纵时代城,12580,118万,黄陂/汉口北,3,95-130
20201002,宝业星毓府,8100,82万,新洲/阳逻,3/4,101-141
20201002,金凤东城,价格待定,0,黄陂/前川,3/4,104-173
20201002,花博汇桃李春风,32000,288万,蔡甸/后官湖,3/4,90-205
20201002,武建龙樾上城,11500,130万,黄陂/盘龙城,3/4,113-148
20201002,江南春城,22000,210万,青山/青山,3,97-126
20201002,滨湖壹号,21649,140万,东湖高新/金融港/藏龙岛科技园藏龙大道特1号,0,0-0
20201002,汉津阳光城,7887,78万,蔡甸/蔡甸其它,3,100-115
20201002,佳阳国际,7000,130万,新洲/阳逻,2,185
20201002,佳阳国际,16400,25万,新洲/阳逻,0,0-0
20201002,佳阳摩尔城,36000,30万,新洲/阳逻,0,0-0
20201002,佳阳湖滨花园,7250,104万,新洲/阳逻,0,0-0
20201002,佳阳城市之星,22000,168万,新洲/阳逻,0,0-0
20201002, 万达御湖公寓 ,价格待定,0,洪山/楚河汉街,0,0-0
20201002,华发中城中央公园,23000,328万,新洲/阳逻,5,142
20201002,融侨华府,35000,70万,武昌/积玉桥,0,0-0
20201002,金地中法仟佰汇,18000,168万,蔡甸/蔡甸城区,0,0-0
20201002,广电兰亭盛荟,23857,406万,汉阳/四新,3/4,170-280
20201002,青年说,30000,84万,汉阳/王家湾,0,0-0
20201002,都市径水澜苑,价格待定,0,东西湖/东西湖其它,0,0-0
20201002,武地融创水韵长洲,7120,62万,新洲/新洲其它,3/4,88-125
20201002,中海澳门佳园,50000,120万,江岸/台北香港路,0,0-0
20201002,交投华园,15000,145万,东湖高新/光谷东,3,97-128
20201002,华发外滩荟,55000,1000万,江岸/前进江汉,3,199-206
20201002,佳阳大都府,7461,57万,新洲/阳逻,2/3,77-117
20201002,交投华园,28000,350万,东湖高新/光谷东,3/4,125-140
20201002,龙湖光谷城香颂,30000,90万,东湖高新/光谷东,0,0-0
20201002,金辉优步湖畔,16000,21万,黄陂/黄陂其它,0,0-0
20201002,BOSS SPACE企业家领域,价格待定,0,东西湖/金银湖,6/1,196-239
20201002,BOSS SPACE企业家领域,价格待定,0,东西湖/金银湖,2,37
20201002,金汇中心,14000,72万,东西湖/金银湖,1/3,52-109
20201002,中建壹品澜郡,25500,84万,黄陂/黄陂其它,0,0-0
20201002,华宇旭辉星空,40000,172万,江岸/塔子湖,0,0-0
20201002,盘龙正荣府,13000,126万,黄陂/盘龙城,3/4,97-115
20201002,地铁复兴城,价格待定,0,武昌/首义,1/3/4,30-168
20201002,汉口江北新时代,价格待定,0,新洲/阳逻,0,0-0
20201002,绿地城,6000,24万,汉南/汉南其它,1/2,32-98
20201002,中部慧谷,16000,96万,东西湖/金银湖,0,0-0
20201002,锦绣江城,16229,130万,洪山/白沙洲,2/3,78-118
20201002,华侨城欢乐天际,价格待定,0,洪山/青山,3/4,106-168
20201002,富力西溪悦居,24000,255万,东西湖/金银湖,4,118-131
20201002,中国中铁金桥璟园,20300,168万,汉阳/七里庙,3/4,82-127
20201002,力高雍华年,13100,0,东湖高新/光谷东,0,0-0
20201002,融创玖玺臺,价格待定,0,江汉/CBD西北湖,0,0-0
20201002,中建壹品宏泰阅江府,16980,178万,洪山/白沙洲,0,0-0
20201002,鑫叶龙城,价格待定,0,黄陂/盘龙城,0,0-0
20201002,福星惠誉星誉国际,价格待定,0,江岸/育才花桥,0,0-0
20201002,武地电建璟樾府,价格待定,0,沌口开发区/沌口,0,0-0
20201002,中粮祥云地铁小镇,价格待定,0,蔡甸/蔡甸城区,0,0-0
20201002,中城光谷龙山湖,19000,313万,东湖高新/光谷东,3/4,165-230
20201002,月亮湾壹号,30300,378万,武昌/积玉桥,3/4,125-180
20201002,旭辉千山凌云,价格待定,0,东湖高新/关山大道,0,0-0
20201002,中粮光谷大悦城,价格待定,0,东湖高新/光谷东,0,0-0
20201002,天纵时代天樾,价格待定,0,黄陂/武湖,0,0-0
20201002,清能熙悦台,价格待定,0,新洲/阳逻,0,0-0
20201002,中建中法之星,价格待定,0,蔡甸/后官湖,3,92-129
20201002,城投联投江南岸,17000,175万,洪山/白沙洲,3,105-129
20201002,福星惠誉悦江中心,价格待定,0,洪山/徐东,0,0-0
20201002,武地融创和平中心,价格待定,0,青山/青山,0,0-0
20201002,佳兆业滨江新城,8900,80万,沌口开发区/沌口,3/4,92-124
20201002,清能熙悦台,价格待定,0,新洲/阳逻,0,0-0
20201002,华生汉口城市广场,19000,133万,硚口/长丰常码头,0,0-0
20201002,武汉碧桂园公园里,16331,184万,东西湖/吴家山,3,97-120
20201002,光谷学府,30000,90万,东湖高新/光谷东,0,0-0
20201002,武地城开恒瑞欣园,8005,79万,蔡甸/蔡甸其它,3,99-117
20201002,星悦城六期玺樾,20250,214万,江岸/塔子湖,3,106-128
20201002,融创首创 | 国际智慧生态城市悦晴天,8500,78万,沌口开发区/沌口,3,92-105
20201002,金融街融御滨江,价格待定,0,武昌/首义,0,0-0
20201002,武地建发玺院,38000,0,东湖高新/光谷东,5,155
20201002,城投丰山府,价格待定,0,黄陂/盘龙城,0,0-0
20201002,香澜公馆,17000,189万,沌口开发区/沌口,3,111-143
20201002,绿地大都会,12000,102万,洪山/白沙洲,3,99-120
20201002,纽宾凯汉City总部壹号,17500,81万,汉阳/王家湾,1,47-67
20201002,世茂锦绣长江天胤二期,24500,277万,汉阳/钟家村,2/3/4,113-284
20201002,学林御景雅苑,6850,67万,新洲/新洲其它,3,98-124
20201002,龙湖光谷城御景,12000,87.6万,东湖高新/光谷东,2,73
20201002,光谷正荣府,18500,177.6万,东湖高新/光谷南,0,0-0
20201002,光谷正荣府,价格待定,0,东湖高新/光谷南,0,0-0
20201002,美联城观,19625,151万,江岸/塔子湖,4,77-138
20201002,中海长江十里,价格待定,0,江岸/二七,0,0-0
20201002,汉口幸福万象,25000,12万,江岸/后湖,0,0-0
20201002,翰林公馆,22000,83万,黄陂/盘龙城,0,0-0
20201002,招商愉樾,25000,220万,汉阳/钟家村,3/4,88-144
20201002,福星惠誉东湖城拾光,14700,49万,洪山/东湖东亭,1,29-53
20201002,海伦堡海悦世界,价格待定,0,汉阳/四新,3/4,117-143
20201002,长江存储国际社区,价格待定,0,东湖高新/洪山其它,0,0-0
20201002,富强天惠园,12000,0,洪山/白沙洲,0,0-0
20201002,世茂云锦瑰海园,15700,160万,洪山/白沙洲,3/4,105-125
20201002,武地汉阳印象,价格待定,0,汉阳/钟家村,0,0-0
20201002,招商樾望,15500,190万,汉阳/四新,0,0-0
20201002,汉北玺园,价格待定,0,黄陂/武湖,0,0-0
20201002,招商一江璟城璟公馆,11500,36万,青山/青山,1,38-59
20201002,龙湖三千城,16800,0,洪山/白沙洲,3,110-120
20201002,金地朗悦,12000,150万,蔡甸/后官湖,3,95-125
20201002,印湖云著,价格待定,0,蔡甸/后官湖,3/4,97-134
20201002,中国城乡香樾洲,价格待定,0,沌口开发区/沌口,3/4,108-188
20201002,光谷澎湃城奥山府,30000,120万,东湖高新/光谷南,0,0-0
20201002,华发中城中央荟,7800,67万,新洲/阳逻,3,87-117
20201002,花山花锦,价格待定,0,东湖高新/光谷东,0,0-0
20201002,武汉青创城,价格待定,0,东西湖/东西湖其它,0,0-0
20201002,长投绿城蘭园,10000,25万,江夏/藏龙岛,0,0-0
20201002,三远大爱城,价格待定,0,蔡甸/蔡甸城区,0,0-0
20201002,元舍,35000,689万,东西湖/将军路,4/5,197-287
20201002,车都春台里,价格待定,0,沌口开发区/沌口,0,0-0
20201002,城南华府书香世家,价格待定,0,新洲/新洲其它,3/4,95-143
20201002,世茂龙湾国风十二期,20000,179万,蔡甸/后官湖,3/4,94-107
20201002,新城阅璟台,32000,0,洪山/白沙洲,0,0-0
20201002,楚天都市蓝玉湾,价格待定,0,新洲/阳逻,0,0-0
20201002,民发·盛特区,价格待定,0,东湖高新/光谷东,3/4,113-138
20201002,明想青年汇,价格待定,0,黄陂/盘龙城,0,0-0
20201002,卓尔时代中心,价格待定,0,黄陂/汉口北,0,0-0
20201002,金地朗悦,15000,193万,蔡甸/后官湖,4,128-143
20201002,江夏府,35000,350万,江夏/江夏其它,0,0-0
20201002,光谷南山府,价格待定,0,东湖高新/光谷东,0,0-0
20201002,光谷云鼎,价格待定,0,东湖高新/光谷东,0,0-0
20201002,祥和都市花园,7941,106万,新洲/新洲其它,3,139
20201002,江南新天地,35000,1450万,江夏/文化大道,4,399-450
20201002,海伦堡海悦世界,价格待定,0,汉阳/四新,3,69-70
20201002,万科公园大道,价格待定,0,硚口/长丰常码头,0,0-0
20201002,海格公馆,价格待定,0,汉阳/四新,0,0-0
20201002,华生国土郡城,价格待定,0,汉南/汉南其它,0,0-0
20201002,天池雅园,11000,61万,黄陂/前川,1/2,56-70
20201002,万科新世纪翡翠滨江,20000,224万,汉阳/王家湾,3/4,112-132
20201002,德信阳光城丽景公园,价格待定,0,沌口开发区/沌口,0,0-0
20201002,杨春湖畔境寓,价格待定,0,洪山/青山,0,0-0
20201002,融创临江府,价格待定,0,青山/青山,0,0-0
20201002,融创首创 | 国际智慧生态城市天水碧,价格待定,0,沌口开发区/沌口,0,0-0
20201002,马赛国际,价格待定,0,东西湖/金银湖,0,0-0
20201002,银湖玖悦,价格待定,0,东西湖/金银湖,0,0-0
20201002,绿地天河国际会展城,价格待定,0,黄陂/盘龙城,0,0-0
20201002,武汉孔雀城壹滨江,8900,80万,黄陂/前川,3,90-110
20201002,华宇东原金科渝樾大观,价格待定,0,汉南/汉南其它,3,90-105
20201002,绿地光谷星河绘,价格待定,0,东湖高新/光谷东,0,0-0
20201002,新希望锦粼九里,价格待定,0,东湖高新/光谷南,0,0-0
20201002,世茂十里星河,价格待定,0,东湖高新/洪山其它,0,0-0
20201002,保利时光印象,价格待定,0,江夏/江夏其它,0,0-0
20201002,城投东方领誉,价格待定,0,新洲/阳逻,0,0-0
20201002,武汉金茂智慧科学城,价格待定,0,汉阳/四新,3/4,107-181
20201002,武汉长江航运中心,24000,150万,江汉/前进江汉,0,0-0
20201002,中城水岸,价格待定,0,新洲/新洲其它,0,0-0
20201002,依水云岸,价格待定,0,汉南/汉南其它,0,0-0
20201002,时代海伦堡印记,价格待定,0,汉南/汉南其它,0,0-0
20201002,世界城瑜樾东方,价格待定,0,东湖高新/光谷广场,0,0-0
20201002,两江汇,50000,180万,江汉/前进江汉,0,0-0
20201002,联发云璟,价格待定,0,黄陂/黄陂其它,0,0-0
20201002,航发天虹城云璟,价格待定,0,东西湖/东西湖其它,0,0-0
20201002,中交泓园,价格待定,0,东西湖/金银湖,0,0-0
20201002,未来星城,价格待定,0,东西湖/东西湖其它,0,0-0
20201002,武汉二十四城,价格待定,0,东西湖/金银湖,0,0-0
20201002,联发璞悦府,价格待定,0,东西湖/东西湖其它,0,0-0
20201002,金色港湾君临水岸,价格待定,0,沌口开发区/沌口,6,143-156
20201002,方岛金茂智慧科学城,价格待定,0,汉阳/四新,3/4,107-181
20201002,蓝光雍锦香榭,价格待定,0,蔡甸/蔡甸城区,0,0-0
20201002,龙湖天玺,价格待定,0,武昌/中南丁字桥,0,0-0
20201002,海伦堡金科集美水岸,价格待定,0,汉南/汉南其它,0,0-0
20201002,保利翡丽公馆,价格待定,0,东西湖/东西湖其它,0,0-0
20201002,奥园誉湖尚居,价格待定,0,东西湖/东西湖其它,0,0-0
20201002,保利悦公馆,价格待定,0,东西湖/东西湖其它,0,0-0
20201002,CBD楚世家,34000,366万,江汉/CBD西北湖,3/4,122-215
20201002,绿地汉口中心,14000,144万,江岸/塔子湖,4,162
20201002,兴华御水澜湾,33000,800万,汉阳/四新,5,260-290
20201002,碧桂园晴川府,20000,116万,汉阳/钟家村,1/3,58-120
20201002,海伦国际,13000,200万,洪山/洪山其它,4/5/6/8,139-173
20201002,爱家名校华城,12600,120万,洪山/白沙洲,4,90-136
20201002,江景湾,6865,82万,汉南/汉南其它,3,121
20201002,汉南天地,8000,75万,汉南/汉南其它,2/3,94-129
20201002,红枫金座,价格待定,0,东湖高新/民族大道,0,0-0
20201002,王家湾中央生活区,价格待定,0,汉阳/王家湾,3,106-109
20201002,联投花山郡住宅,15700,238万,东湖高新/光谷东,3,151-180
20201002,韵湖星光,价格待定,0,东湖高新/三环南,0,0-0
20201002,光谷青年汇,14000,56万,东湖高新/金融港,1,38-51
20201002,武汉碧桂园天玺湾,30000,408万,江夏/庙山,4/5,174-450
20201002,融侨方圆,11500,123万,黄陂/黄陂其它,3/4,107-137
20201002,奥山经开澎湃城,价格待定,0,沌口开发区/沌口,0,0-0
20201002,中南拂晓城,8500,136万,黄陂/黄陂其它,1/2/3/4/5,107-328
20201002,光谷金融中心,17000,193.8万,东湖高新/光谷东,0,0-0
20201002,山海观,500,0,黄陂/盘龙城,4,270
20201002,天纵云湖湾,价格待定,0,黄陂/黄陂其它,0,0-0
20201002,光谷创新天地,19258,238万,东湖高新/光谷东,3/4,140-180
20201002,金银湖1号院,700,0,东西湖/金银湖,4,150
20201002,碧桂园晴川府,18000,108万,汉阳/钟家村,0,0-0
20201002,路劲时代城,8900,111.25万,江夏/江夏其它,2,92-127
20201002,南湖九玺,33000,924万,洪山/街道口,0,0-0
20201002,北辰光谷里,16000,0,东湖高新/关山大道,0,0-0
20201002,复地海上海,17000,77万,汉阳/钟家村,1/2,45-69
20201002,滨湖明珠,6900,88.872万,鄂城区/城东区,3,123
20201002,花样年香门第,16000,220万,葛店开发区/葛店管委会,3/5,143-244
20201002,鹏湖湾,价格待定,0,江夏/江夏其它,0,0-0
20201002,全能通双创园,价格待定,0,东西湖/金银湖,0,0-0
20201002,全能通双创园,价格待定,0,东西湖/金银湖,0,0-0
20201002,五矿万境水岸,价格待定,0,江夏/江夏其它,0,0-0
20201002,双玺中心,价格待定,0,江汉/常青路,0,0-0
20201002,世茂龙湾八期,9000,0,蔡甸/后官湖,3,95-123
20201002,融创融公馆,价格待定,0,江岸/塔子湖,0,0-0
20201002,东原启城,14907,150万,洪山/白沙洲,3/4,108-142
20201002,联投龙湾四期,价格待定,0,江夏/文化大道,0,0-0
20201002,梦想特区宏图里,14600,167万,东西湖/将军路,3/4/5,115-204
20201002,华发峰尚,7200,64万,新洲/阳逻,3,90-118
20201002,博学尚品,价格待定,0,沌口开发区/沌口,1/2/3,45-79
20201002,天宇万象国际二期,16000,172万,硚口/古田,3,108-128
20201002,名士华府,价格待定,0,汉阳/王家湾,0,0-0
20201002,菩提苑一期,价格待定,0,江夏/文化大道,0,0-0
20201002,美联联邦生活区二期城仕,价格待定,0,江岸/塔子湖,0,0-0
20201002,奥特莱斯V公寓,价格待定,0,黄陂/盘龙城,1,37-64
20201002,武久阳光城,价格待定,0,新洲/阳逻,2/3,86-111
20201002,中南SOHO城,价格待定,0,洪山/武昌火车站,0,0-0
20201002,光谷one39,价格待定,0,东湖高新/关山大道,3,15-126
20201002,长投珑庭,价格待定,0,武昌/中南丁字桥,1/2/3,50-105
20201002,都市礼寓,价格待定,0,江汉/新华路万达,1/2,48-81
20201002,青澳都市尚巢,价格待定,0,汉阳/王家湾,2/3,46-54
20201002,万金国际广场,16500,0,武昌/武昌火车站,1,44-50
20201002,联投龙湾三期,价格待定,0,江夏/文化大道,0,0-0
20201002,杨春湖畔,19646,250万,洪山/青山,3,126
20201002,瑞景天成,价格待定,0,江岸/后湖,3,89-133
20201002,瑞云居,价格待定,0,江岸/后湖,2/3,75-126
20201002,名流世家,价格待定,0,江岸/百步亭,2/3,73-102
20201002,中部慧谷二期,价格待定,0,东西湖/金银湖,1/2/3/4,43-120
20201002,花样年幸福万象,45,0,洪山/团结大道,1,30-45
20201002,江山如画,价格待定,0,硚口/集贤,1/2/3/4,51-142
20201002,愿景时代,价格待定,0,东西湖/常青花园,3,48-54
20201002,华润翡翠城,价格待定,0,硚口/长丰常码头,3/4,123-144
20201002,观澜天地,价格待定,0,武昌/白沙洲,0,0-0
20201002,华茂小米公寓,价格待定,0,沌口开发区/沌口,0,0-0
20201002,恒大御府,价格待定,0,青山/青山,2/3/4,75-144
20201002,新世界梦湖香郡三期,价格待定,0,江岸/塔子湖,3,107-115
20201002,百步亭金桥汇II期,价格待定,0,江岸/塔子湖,1,60-61
20201002,三金雄楚天地,价格待定,0,洪山/虎泉杨家湾,2,100-180
20201002,光谷8号,价格待定,0,东湖高新/关山大道,1/2,42-50
20201002,金岛御璟世家跃境,价格待定,0,江岸/后湖,3,99
20201002,金融街壹号,价格待定,0,江岸/育才花桥,1,31
20201002,东湖楚天府,26000,97万,洪山/街道口,1/2,40-55
20201002,圣诚阳光丽景,价格待定,0,江岸/百步亭,3,28-53
20201002,中国光谷伊托邦,价格待定,0,江夏/江夏其它,0,0-0
20201002,欣隆壹号公馆,价格待定,0,汉阳/四新,2/3,90-124
20201002,星悦城华廷,价格待定,0,江岸/塔子湖,0,0-0
20201002,巴黎春天,价格待定,0,洪山/文化大道,2/3,84-120
20201002,保利茉莉公馆,价格待定,0,东湖高新/关山大道,2,41
20201002,金地艺境,价格待定,0,东湖高新/金融港,0,0-0
20201002,星海虹城3期鸿玺公馆,价格待定,0,武昌/中南丁字桥,1,69
20201002,联投广场,价格待定,0,江夏/文化大道,0,0-0
20201002,世茂锦绣长江五期,价格待定,0,汉阳/钟家村,0,0-0
20201002,汉北大全景,价格待定,0,黄陂/武湖,0,0-0
20201002,泰然南湖玫瑰湾三期,价格待定,0,洪山/珞狮南路,0,0-0
20201002,新港天地,价格待定,0,新洲/阳逻,0,0-0
20201002,观澜国际,价格待定,0,汉阳/四新,2,43-60
20201002,圣特立国际花园,价格待定,0,汉南/汉南其它,0,0-0
20201002,西山林语,价格待定,0,蔡甸/中法生态城,1/2,35-48
20201002,天纵城,价格待定,0,黄陂/盘龙城,0,0-0
20201002,北大资源山水年华二期,价格待定,0,东湖高新/光谷东,0,0-0
20201002,汉水岸,价格待定,0,硚口/吴家山,2/3,62-123
20201002,光谷新世界T+,价格待定,0,东湖高新/关山大道,0,0-0
20201002,圣龙国际广场,价格待定,0,沌口开发区/沌口,0,0-0
20201002,摩根空间,价格待定,0,沌口开发区/沌口,0,0-0
20201002,金山左岸时代,价格待定,0,东西湖/金银湖,1/2/3,50-120
20201002,现代森林小镇金融SOHO垂直商业,价格待定,0,东湖高新/金融港,0,0-0
20201002,凯旋名居,价格待定,0,东西湖/将军路,2/3/4,90-136
20201002,海天幸福小城,价格待定,0,沌口开发区/沌口,0,0-0
20201002,联想江城雅居,价格待定,0,东湖高新/关山大道,2/3/5,85-200
20201002,沿海国际中心,价格待定,0,东西湖/金银湖,0,0-0
20201002,福地名郡,价格待定,0,江夏/文化大道,2,86-89
20201002,常福国际商务广场,价格待定,0,蔡甸/蔡甸其它,3,117
20201002,常福国际商务广场,价格待定,0,蔡甸/蔡甸其它,0,0-0
20201002,祥生柏景湾学府,价格待定,0,东西湖/金银湖,1/2/3,43-93
20201002,恒大龙城,价格待定,0,黄陂/盘龙城,3,113-128
20201002,大拇指广场,价格待定,0,蔡甸/蔡甸城区,3,67
20201002,大拇指广场,价格待定,0,蔡甸/蔡甸城区,2/3,40-117
20201002,卓尔生活城,价格待定,0,黄陂/汉口北,2/3/4,80-128
20201002,万科翡翠国际,价格待定,0,江汉/台北香港路,3,140-160
20201002,汉北裕丰园,价格待定,0,黄陂/黄陂其它,0,0-0
20201002,盘龙水岸沁园,价格待定,0,黄陂/盘龙城,0,0-0
20201002,观湖天下,价格待定,0,新洲/阳逻,3,95-98
20201002,半岛华庭,价格待定,0,新洲/新洲其它,1/2/3,57-113
20201002,汉飞洋房印象,价格待定,0,黄陂/盘龙城,3,108-109
20201002,恒大名都,价格待定,0,黄陂/盘龙城,0,0-0
20201002,华虹领航城,12000,0,黄陂/盘龙城,3,42
20201002,阳逻金色港湾,价格待定,0,新洲/阳逻,2/3,85-132
20201002,黄陂人信城,价格待定,0,黄陂/前川,2/3/4,81-128
20201002,鑫城宜居,价格待定,0,东西湖/东西湖其它,2,80
20201002,远洋世界三期水岸一方,价格待定,0,东西湖/金银湖,0,0-0
20201002,花样年花样城二期,价格待定,0,东西湖/金银湖,3,87-104
20201002,武汉天地盛荟,价格待定,0,江岸/黄埔永清,0/1/2/3,97-165
20201002,水墨江郡,价格待定,0,江夏/文化大道,0,0-0
20201002,碧桂园生态城左岸,价格待定,0,东湖高新/光谷东,0/3/4,97-137
20201002,紫轩时代广场,价格待定,0,黄陂/武湖,2/3,84-116
20201002,美联德玛假日二期阳光里,价格待定,0,东西湖/金银湖,0,0-0
20201002,海天幸福天地一期,价格待定,0,沌口开发区/沌口,1/2/3,54-106
20201002,新世界梦湖香郡三期,价格待定,0,江岸/塔子湖,4,239
20201002,蓝光林肯公园,价格待定,0,硚口/长丰常码头,0,0-0
20201002,兴华御水澜湾,14500,168万,汉阳/四新,3/4,115-197
20201002,海伦春天三期,价格待定,0,汉阳/王家湾,3/4,97-126
20201002,自由半岛,价格待定,0,黄陂/前川,4,156
20201002,东庭郡园,价格待定,0,汉南/汉南其它,0,0-0
20201002,统建新干线,价格待定,0,江岸/堤角,3,87-120
