,楼盘,单价,行政区,最小面积,最大面积,最小户型,最大户型
0,首开&华侨城&金茂|东湖金茂府,26500.0,洪山,118,141,3,4
1,长江凯旋城,11300.0,黄陂,108,124,3,3
2,美好长江首玺,13500.0,洪山,97,123,3,3
3,海伦堡汉江府,8200.0,东西湖,96,130,3,4
4,兰亭大境,16250.0,沌口开发区,105,143,3,4
5,越秀汉阳星汇云锦,25000.0,汉阳,125,142,3,3
6,新力金沙湾,9500.0,新洲,108,118,3,3
7,电建地产洺悦御府,13200.0,东西湖,97,143,3,4
8,碧桂园海昌克拉公馆,14000.0,东西湖,47,82,1,3
9,观湖园二期,15500.0,蔡甸,117,142,4,4
10,光谷崇文中心,13000.0,东湖高新,50,101,1,3
11,万博玖珑湾,11000.0,黄陂,121,130,3,3
12,F天下,30000.0,黄陂,245,344,4,5
13,泛海国际兰海园三期碧海园,37000.0,江汉,260,260,4,4
14,兴华尚都国际,27000.0,江汉,103,247,3,5
15,华发中城荟二期中央首府,32650.0,江汉,95,168,3,4
16,碧桂园泰富城,15800.0,沌口开发区,35,57,2,2
17,鑫聚温莎半岛,26000.0,蔡甸,385,552,4,1
19,华星融城二期,15000.0,东西湖,98,140,2,4
20,泛海国际芸海园,31000.0,江汉,102,386,2,6
21,金色港湾双湖林语,15200.0,沌口开发区,119,226,3,5
22,金地悦江时代,18500.0,硚口,114,142,3,4
24,招商沃德公馆,15000.0,硚口,83,109,2,3
25,联泰滨江中心,13000.0,青山,55,68,3,3
26,御湖园,10500.0,黄陂,105,128,3,3
27,恒大科技旅游城,19000.0,江夏,180,287,4,6
28,港湾江城二期,13800.0,沌口开发区,99,130,3,3
29,卧龙东方郡,17500.0,东西湖,162,252,3,4
31,海伦国际,11800.0,洪山,75,111,3,3
32,中南拂晓城,11464.0,黄陂,98,123,3,4
33,融创中心武汉壹号院,41200.0,武昌,215,245,4,4
34,融创观澜府,18000.0,东西湖,122,165,3,4
35,武汉雅居乐花园,13848.0,江夏,92,143,3,4
36,都会轩,32000.0,江汉,397,397,6,6
37,当代万国城MOMΛ,15500.0,汉阳,91,119,3,3
38,汉北怡景园,11240.0,黄陂,84,118,2,3
39,招商一江璟城,19240.0,青山,127,171,3,4
40,远洋汉口中心,15000.0,江汉,59,157,1,4
41,中南熙悦,15700.0,东西湖,125,143,3,4
43,立方时空,17000.0,东西湖,41,55,3,3
44,光谷未来城,20114.0,东湖高新,103,140,3,4
45,金科城,19240.0,洪山,115,144,3,4
46,山海观,13500.0,黄陂,97,143,3,4
47,锦深汉南公馆,6500.0,汉南,134,140,3,3
48,青年说,18000.0,汉阳,33,57,1,4
49,百步亭现代城,21000.0,江岸,56,62,1,2
50,南山十里星空,12500.0,黄陂,110,129,3,4
51,越秀星悦湾畔,16000.0,汉阳,48,69,2,3
52,金地自在城,18000.0,洪山,20,245,1,1
53,城投瀚城璞岸,22500.0,洪山,108,230,3,4
54,新华尚水湾,24700.0,硚口,135,184,3,4
55,国瑞新港广场,6700.0,新洲,122,133,3,3
56,外滩柒号,45000.0,江岸,207,292,3,3
57,天纵御景湾,9800.0,黄陂,97,135,3,4
58,华中文谷知音盛棠,25000.0,蔡甸,190,1141,3,7
60,招商东城华府,17675.0,东湖高新,107,227,3,6
63,花博汇漫漫城,8000.0,蔡甸,45,90,2,3
64,现代天外天小镇,7100.0,沌口开发区,202,202,5,5
65,新力城,14600.0,洪山,114,130,3,3
66,中建福地星城,27000.0,洪山,112,156,3,4
67,新港长江府,36500.0,江汉,322,351,4,4
68,武汉雅居乐花园,34267.0,江夏,122,220,3,4
69,泛海国际兰海园,37000.0,江汉,260,306,4,4
70,印江山,9000.0,沌口开发区,103,131,3,4
71,保利爱尚里,23000.0,武昌,105,125,3,3
72,南湖半岛,27000.0,洪山,245,342,3,5
73,龙湖春江彼岸,23000.0,汉阳,110,173,3,4
74,百瑞景中央生活区五期东区,32500.0,武昌,81,97,2,2
75,龙湖春江郦城,17300.0,硚口,121,143,3,4
76,滨江金茂府,25903.0,汉阳,96,143,2,4
77,正荣紫阙台,25000.0,东湖高新,110,142,3,4
78,地铁盛观尚城,15500.0,汉阳,100,160,3,4
79,金地悦海湾,15500.0,东西湖,95,140,3,4
80,朗诗西海岸,11000.0,蔡甸,139,153,3,3
81,南益名士公馆,12500.0,蔡甸,122,142,3,4
82,旭辉华宇江悦府,14800.0,洪山,112,139,3,4
83,德成红墅,16000.0,黄陂,153,269,4,5
84,鼎鑫摩卡小镇,12710.0,黄陂,124,171,3,4
85,金银湖1号院,18000.0,东西湖,90,133,2,4
86,泛海国际香海园,31500.0,江汉,306,366,4,5
87,远洋心汉口3期,22365.0,江汉,109,143,3,4
88,恒韵府,19430.0,汉阳,102,192,2,3
89,融侨滨江城│星域,21000.0,武昌,79,254,1,3
90,武汉融侨滨江城|天域|美域,27600.0,武昌,111,181,3,4
91,大华公园华府,11000.0,黄陂,85,134,3,4
93,华发阳逻金茂逸墅,10000.0,新洲,96,136,3,4
94,佳兆业广场天御,25000.0,武昌,44,53,1,1
95,鹏湖湾,13200.0,江夏,106,184,3,5
96,旭辉江山境,15497.0,洪山,125,178,3,4
97,佳兆业悦府,13500.0,东西湖,96,133,3,4
98,五矿万境水岸,12500.0,江夏,99,165,3,4
99,金地北辰阅风华,18600.0,东西湖,107,114,3,3
100,弘阳印月府,18500.0,汉阳,127,168,3,4
101,万科保利联投理想星光,13600.0,江夏,90,120,3,4
102,远洋东方境世界观,25761.0,汉阳,99,302,2,4
103,中海万松九里,38000.0,江汉,230,230,4,4
104,力高雍湖湾,25000.0,蔡甸,95,195,3,3
105,金川纯水岸,11600.0,黄陂,84,90,3,3
106,中建铂公馆,17377.0,洪山,102,156,3,4
108,中城新时代,13500.0,黄陂,86,132,3,4
109,平安御苑,20000.0,东湖高新,93,113,3,3
110,洺悦华府,7300.0,新洲,84,139,3,4
111,天下南湖湾,23000.0,洪山,103,118,3,3
112,天下南湖湾,23800.0,洪山,36,76,2,3
115,绿地汉口中心S6号楼,14500.0,江岸,46,48,1,4
116,江夏天地,8500.0,江夏,85,85,1,1
117,青青佳园,18158.0,东西湖,122,145,3,4
118,天赐金龙城,11076.0,东西湖,110,174,3,4
119,保利和光晨樾,9655.0,江夏,99,121,3,3
120,花样年·旭辉·碧云天,13700.0,东西湖,87,139,3,4
121,恒大科技旅游城,10200.0,江夏,76,139,2,3
122,网安合寓,8805.0,东西湖,38,69,1,3
123,四新中央生活区,16500.0,汉阳,46,120,1,3
124,景瑞天赋滨江,15410.0,洪山,102,141,3,4
125,嘉地珑墅,32000.0,沌口开发区,170,202,5,6
126,东原阅境,15700.0,东西湖,95,125,3,4
127,建发金茂玺悦,12500.0,江夏,97,138,3,4
129,龙湖春江郦城,16900.0,硚口,39,72,2,3
130,当代铭山筑,45000.0,东湖高新,97,127,5,5
131,阳逻万达广场御江,10326.0,新洲,90,129,3,4
132,阳逻万达广场御江,24600.0,新洲,140,170,3,4
134,葛洲坝龙湖江宸,20000.0,江汉,43,86,2,3
135,城投瀚城璞岸,36000.0,洪山,236,237,4,4
137,武地建发玺院,18300.0,东湖高新,104,144,3,4
138,万科新都会,28740.0,洪山,91,140,3,4
139,葛洲坝紫郡蘭园,11800.0,沌口开发区,45,91,1,4
140,阳逻金茂悦,8818.0,新洲,89,136,3,4
141,德信江南大院,11000.0,蔡甸,100,121,3,4
142,博译上坤云峯,11000.0,洪山,189,221,3,4
143,保利军运村,15500.0,江夏,98,171,3,4
144,帝大御璟城,12664.0,黄陂,91,136,2,4
145,武汉诺德逸园,10227.0,黄陂,97,115,3,4
146,欧亚达云庭,9500.0,江夏,45,56,2,2
147,恒大科技旅游城,11000.0,江夏,47,80,1,3
148,江樾云著,15000.0,东西湖,86,140,3,4
149,正商书香华府,11166.0,蔡甸,88,130,3,3
150,首开光明国风上观,12800.0,东西湖,76,128,2,3
151,武地电建汤湖观筑,13800.0,沌口开发区,112,136,3,3
152,电建地产洺悦江湾,18532.0,汉阳,120,140,3,4
153,金地悦江时代·悦PARK,11200.0,硚口,43,43,1,1
154,新城璞樾门第,18750.0,东湖高新,109,129,3,4
157,红星天铂,21000.0,新洲,138,154,4,5
158,邻湖壹方,18000.0,洪山,44,53,1,3
159,武地融创锦上公馆,9200.0,江夏,102,143,3,3
160,塔尖观邸,14500.0,江岸,80,160,3,3
161,江悦蘭园,12700.0,东西湖,97,134,3,4
162,东原朗阅,9800.0,新洲,95,125,3,4
163,前川中梁首府,10052.0,黄陂,93,130,3,4
164,大华锦绣时代,23000.0,青山,97,154,2,4
165,招商江山和樾,18615.0,汉阳,120,139,3,4
166,绿城金地凤起听澜,26000.0,汉阳,129,184,3,4
167,景瑞天赋半岛,30000.0,蔡甸,89,189,2,6
168,恒大时代新城,8800.0,汉南,73,208,2,4
169,远洋归元max,18000.0,汉阳,30,40,1,1
170,万可后海,12000.0,黄陂,42,73,2,3
171,武地电建君樾府,9500.0,沌口开发区,113,127,3,3
172,北辰金地漾时代,12000.0,东西湖,97,128,3,4
173,北辰经开优+,9100.0,沌口开发区,88,113,3,3
174,世界城创世界,11800.0,东湖高新,41,110,1,1
175,旭辉千山凌云,25840.0,东湖高新,118,178,3,4
176,经发龙湖雲峰原著,12986.0,江夏,97,120,3,3
177,鹏湖湾十二墅,35000.0,江夏,160,165,4,4
178,星光耀绿城尊蓝,8500.0,江夏,42,53,1,1
180,武汉英赫当代城MOMΛ,9780.0,东西湖,95,127,3,4
181,万科保利理想城市,13000.0,洪山,95,126,3,4
182,融创武汉1890,20600.0,汉阳,116,143,3,4
183,当代云谷未来π,11000.0,东湖高新,25,52,1,2
184,保利星宸,16000.0,汉阳,95,125,3,3
185,中海尚璟,9850.0,蔡甸,99,132,3,4
187,保利星耀,13520.0,汉阳,113,138,3,4
188,融创一江源,32000.0,硚口,115,143,3,4
189,城投大桥龙城,10449.0,黄陂,98,123,3,3
190,旭辉都会山,15600.0,洪山,98,118,3,3
191,美的君兰半岛,16000.0,江夏,102,135,3,4
192,龙湖紫都城,11000.0,江夏,48,75,1,3
193,五矿万境水岸,33000.0,江夏,174,214,4,5
195,海林康桥官邸,7500.0,新洲,97,143,3,4
197,海伦堡汉江府,14000.0,东西湖,98,150,2,3
198,新城璞樾门第,30000.0,东湖高新,137,223,2,5
199,纽宾凯麓院,15700.0,东湖高新,96,186,3,4
200,花样年花好园,20640.0,江岸,87,145,2,4
201,格林中心,11600.0,汉阳,46,120,2,4
203,中国铁建梧桐苑阅立方,12000.0,东湖高新,79,97,4,6
204,国创光谷上城尚寓,16500.0,东湖高新,37,57,1,2
205,经发龙湖雲峰原著,18533.0,江夏,142,152,3,4
207,力高雍华年,40000.0,东湖高新,48,143,2,6
209,金色港湾君临水岸,9100.0,沌口开发区,104,137,3,3
210,武汉当代境MOMΛ,13000.0,东西湖,92,118,3,3
211,中梁天玺壹号,12500.0,东西湖,98,118,3,3
212,美的雅居乐云筑,17500.0,东湖高新,89,115,3,3
213,华润置地公园里,8500.0,蔡甸,88,103,3,3
214,碧桂园云玺,11000.0,东湖高新,69,148,1,1
215,武地融创御央首府,21900.0,江岸,106,140,3,4
216,愉景湾,21000.0,黄陂,32,68,2,3
217,万科城市之光,17800.0,洪山,110,142,3,4
219,武汉金恒福城市广场,7500.0,黄陂,52,104,1,2
221,宝业德信宸光里,22000.0,江夏,90,128,3,4
222,金茂华发武汉国际社区,13500.0,江夏,99,129,3,3
223,中国铁建御湖,13500.0,汉阳,105,129,3,3
227,汉CITY环山道,12000.0,汉阳,33,51,1,1
228,东原印未来,12500.0,东西湖,97,127,3,4
229,蓝天湖岸,23500.0,汉阳,173,179,4,4
230,天池雅园,6500.0,黄陂,47,69,1,2
232,景瑞清能江南悦,9300.0,蔡甸,95,108,3,3
234,融创首创 | 国际智慧生态城市一江赋,8500.0,沌口开发区,94,137,3,3
239,光谷未来城,28285.0,东湖高新,126,159,3,3
240,揽胜公园,22000.0,洪山,163,250,4,5
241,美联奥林匹克花园五期,17175.0,东西湖,109,140,3,4
242,保利星河九洲,15500.0,汉阳,111,139,3,4
243,金辉优步湖畔,11000.0,黄陂,98,125,3,4
244,现代天外天小镇,15500.0,沌口开发区,135,200,4,6
245,中建光谷之星,13500.0,东湖高新,38,135,1,3
246,绿地国博财富中心,14000.0,汉阳,33,90,1,3
247,中建锦绣双城,10389.0,蔡甸,107,160,3,4
248,云尚武汉国际时尚中心,25000.0,硚口,50,168,1,4
250,临空香廷,11240.0,黄陂,99,167,3,5
251,合一星光天地,13500.0,东西湖,54,121,1,3
252,北辰孔雀城航天府,6540.0,新洲,90,130,3,4
254,卓尔生活城二期湖湾,70000.0,黄陂,87,131,2,3
255,银泰御华园三期,21000.0,江岸,98,125,3,3
256,绿地城,8800.0,汉南,97,135,2,4
257,千禧城,21018.0,硚口,114,148,3,4
258,光谷永利汇,17500.0,洪山,45,58,1,1
259,泰顺和商业中心,6500.0,东西湖,47,74,1,2
260,上坤绿城,6552.0,新洲,96,129,3,3
262,联投汉口郡,8800.0,黄陂,141,160,3,3
263,恒达盘龙湾梅苑,10433.0,黄陂,104,136,3,4
264,佳阳翠湖里,8500.0,新洲,41,120,1,3
265,时代新世界,26500.0,硚口,58,58,1,1
266,中国核建锦城,9040.0,蔡甸,100,180,3,3
267,银泰御华园二期,35500.0,江岸,273,334,4,4
268,美好名流汇,17500.0,硚口,95,153,3,4
269,兰江公园里,11611.0,黄陂,87,132,2,3
271,钰龙旭辉半岛,19100.0,汉阳,117,132,3,3
273,泰合四千院,40000.0,黄陂,1119,1119,8,8
274,保利香颂,17642.0,汉阳,108,135,3,4
275,新亚花园,5500.0,新洲,100,103,2,2
276,诺展星座,20000.0,武昌,85,117,3,4
278,大华滨江天地三期铂金瑞府,22500.0,青山,100,169,3,4
279,青年公社,22500.0,江夏,50,65,2,3
280,板桥逸景,11000.0,黄陂,87,116,3,3
281,海伦小镇,15000.0,沌口开发区,138,175,4,6
282,尚璟瑞府,12600.0,黄陂,107,163,3,4
284,恒大御景湾,9000.0,汉阳,65,65,1,1
286,保和墨水湾,35000.0,汉阳,88,126,3,4
287,合融清华源,9500.0,黄陂,100,119,3,3
288,奥山光谷世纪城,14000.0,东湖高新,77,221,2,5
290,保利城SOHO中心,11000.0,武昌,44,61,1,1
293,碧桂园生态城浅月湾52墅,23000.0,东湖高新,223,286,5,5
294,长投绿城蘭园,12154.0,江夏,79,136,2,4
295,二七星城,16800.0,江岸,60,150,1,3
297,汉口派,19800.0,江岸,68,89,2,3
300,新纪元艺墅庄园,37000.0,黄陂,210,249,5,5
301,庭瑞U-ME,16500.0,沌口开发区,72,78,3,5
303,龙庭华府,15500.0,蔡甸,125,125,3,3
306,加州橘郡,13183.0,江夏,115,141,3,5
307,卧龙墨水湖边,29000.0,汉阳,252,252,5,5
309,保利新武昌,14000.0,洪山,131,131,3,3
310,中建汤逊湖壹号,38000.0,江夏,189,349,3,5
312,钰龙旭辉半岛,30000.0,汉阳,133,136,3,3
315,东方城三期,9650.0,黄陂,87,107,2,3
316,顶琇国际城,14000.0,江汉,43,67,1,3
318,保合太和,12900.0,黄陂,97,97,3,3
319,佳兆业滨江壹号,10000.0,汉阳,180,180,3,3
320,德雅国际城,7300.0,新洲,112,279,3,5
321,振泰汪集豪庭,5500.0,新洲,99,133,2,3
323,复地东湖国际八期,38000.0,武昌,142,225,3,4
326,佳柏现代城,12000.0,东西湖,45,70,1,1
328,琨瑜府,23730.0,东湖高新,120,190,4,4
329,汤逊湖山庄,14800.0,江夏,110,140,4,4
331,金珠港湾二期,13500.0,东西湖,117,138,2,4
332,滨湖壹号别墅,13500.0,东湖高新,465,637,5,7
348,汉口御江澜庭,11000.0,黄陂,83,113,2,3
349,文一云水湾,10800.0,东西湖,118,140,3,4
351,滨江学府,6500.0,新洲,40,142,1,3
357,知音半岛,23000.0,蔡甸,241,271,5,6
360,金色港湾MIMI空间,15000.0,沌口开发区,23,23,1,1
361,中锐滨湖尚城,13500.0,江夏,98,142,3,4
362,新阳广场,15000.0,汉阳,37,75,2,4
363,人民武汉国际汽车城,6200.0,蔡甸,48,82,1,2
376,泊樾府,14800.0,江夏,95,161,3,3
377,中冶39大街,24500.0,青山,120,169,3,4
380,金珠港湾,13500.0,东西湖,117,194,2,3
382,恒大城,8000.0,东西湖,52,52,1,1
384,联投中心,34800.0,武昌,211,211,4,4
386,城投四新之光,16500.0,汉阳,143,233,4,4
387,三和名仕城,9500.0,蔡甸,83,120,2,3
388,新城阅璟台,14000.0,洪山,113,138,3,3
389,金珠港湾,22000.0,东西湖,220,298,5,5
391,实地君兰汀岸,17500.0,沌口开发区,135,135,3,3
393,海珀滨江,32800.0,武昌,136,270,2,4
394,万丰丰泽园,11660.0,东西湖,113,113,3,3
396,西寺学府,6500.0,黄陂,45,45,2,2
399,绿地铂瑞公馆,26000.0,武昌,60,237,1,2
401,光谷澎湃城奥山府,16800.0,东湖高新,118,118,3,3
404,越秀星悦峯,32000.0,武昌,54,82,2,4
406,四新天祥广场,12500.0,汉阳,28,44,1,1
407,汉口左岸天地二期,9800.0,黄陂,91,132,3,3
408,北辰蔚蓝城市,11464.0,黄陂,107,139,3,4
409,碧桂园生态城东境,15000.0,东湖高新,109,143,3,4
412,江南新天地,12000.0,江夏,183,183,4,4
413,保和墨水湾,35000.0,汉阳,190,198,4,5
414,万达御湖壹号,38000.0,洪山,180,200,3,3
415,翰林公馆,10500.0,黄陂,96,139,3,4
416,万盈国际,10500.0,武昌,80,113,1,2
421,御江壹品青山樽,22600.0,青山,101,137,3,3
423,庭瑞新汉口,15500.0,东西湖,45,58,1,2
424,西北湖壹号御玺湾,33000.0,江汉,199,318,4,5
425,华星龙腾国际,5900.0,新洲,109,129,3,3
430,白金壳子,16000.0,东西湖,45,70,1,2
431,绿城武汉黄浦湾,48175.0,江岸,99,220,3,3
432,武汉院子,26000.0,蔡甸,88,182,4,5
433,星悦湾,7100.0,汉南,101,119,3,3
435,北辰光谷里,18500.0,东湖高新,50,123,1,2
438,远洋东方境世界观,19000.0,汉阳,38,76,1,2
439,亿德光谷先锋,16000.0,东湖高新,42,74,1,1
440,联投光谷瑞园,14950.0,东湖高新,102,190,3,4
441,万科金域国际,22404.0,汉阳,118,140,3,3
443,空港中心,9500.0,黄陂,45,53,1,1
446,碧桂园忆西湖,12000.0,蔡甸,118,218,3,5
447,新城庭瑞君悦观澜,7500.0,汉南,108,127,3,4
448,金地中法仟佰汇,9500.0,蔡甸,46,46,1,1
449,孔雀城问津兰亭,6864.0,新洲,90,125,3,4
453,越秀国际金融汇,36000.0,江汉,280,280,5,5
454,华发未来荟,14000.0,汉阳,40,99,1,3
455,翰林尚苑,16780.0,洪山,102,165,3,4
457,碧桂园凤凰湾,8600.0,汉南,143,228,4,5
458,碧桂园凰城悦山湖,9500.0,汉南,103,141,3,4
459,空港中心,15000.0,黄陂,591,1206,6,1
462,中建御景星城,29000.0,硚口,151,152,4,4
463,同馨花园雍豪府,39000.0,硚口,93,183,2,4
464,滨湖壹号,11500.0,东湖高新,155,155,4,4
468,武汉SOHO,5300.0,新洲,35,60,1,2
469,天汇龙城,10433.0,黄陂,86,170,2,4
471,武汉国博新城,16500.0,汉阳,144,178,4,4
472,南德国际城,11000.0,黄陂,110,122,3,3
473,金鑫国际,11000.0,东湖高新,66,108,2,3
474,华发中城荟,30000.0,江汉,71,140,1,3
477,天纵半岛蓝湾,13500.0,东西湖,90,140,3,4
479,中国健康谷,11760.0,蔡甸,101,131,2,3
482,新城庭瑞君悦观澜,13000.0,汉南,157,207,4,4
484,五矿澜悦云玺,12500.0,黄陂,106,142,3,4
485,越秀逸境,12500.0,蔡甸,110,162,3,4
486,伟鹏万科御玺滨江,43850.0,江岸,219,221,4,4
487,鄂旅投书院世家,31000.0,洪山,140,215,3,3
489,国采光立方,30000.0,东湖高新,155,194,4,4
490,仁恒公园世纪,23000.0,江岸,110,221,3,4
491,中信泰富滨江金融城,30000.0,江岸,75,95,1,2
492,美联中心,20000.0,江岸,49,55,2,2
493,美联德玛假日,12500.0,东西湖,90,134,3,4
494,盘龙理想城,9900.0,黄陂,96,131,3,4
496,玉金山墅,18000.0,蔡甸,121,184,2,7
497,正商金域世家,16300.0,洪山,108,127,3,3
499,中建壹品澜郡,10697.0,黄陂,127,129,4,4
500,越秀翰悦府,9000.0,蔡甸,98,128,3,3
503,清能正荣府,10454.0,黄陂,108,136,3,4
504,新长江香榭国际城,7200.0,江夏,85,137,2,4
506,禹洲朗廷元著,18500.0,沌口开发区,110,165,3,4
507,新影华翔城,7050.0,新洲,83,140,3,4
508,新华壹号,7050.0,江汉,352,352,4,4
509,城投秀水青城,13800.0,青山,110,139,3,3
510,招商公园1872,42000.0,汉阳,201,358,3,4
515,君荟天地,21800.0,江汉,133,140,3,3
516,万科云城,19050.0,洪山,118,171,3,4
518,金茂国际公寓,20000.0,洪山,38,124,1,4
519,华发中城峰景湾,8008.0,汉南,100,140,3,4
520,天熙楚世家,9072.0,黄陂,92,121,3,3
521,保利庭瑞阅江台,19467.0,汉阳,117,143,3,4
522,孔雀城航天府,7000.0,新洲,88,122,3,4
523,华发中城中央公园,9800.0,新洲,87,147,3,4
524,国采光立方,13800.0,东湖高新,83,102,3,3
525,江夏府,13300.0,江夏,105,142,3,4
526,南德长江城,12500.0,黄陂,118,164,3,4
529,龙辰丽湾二期,55000.0,黄陂,92,126,3,3
530,星河2049,18218.0,江岸,99,136,3,3
531,中建壹品澜荟,13500.0,东西湖,125,170,3,4
532,航城丽都,6700.0,汉南,108,143,3,4
533,蓝光雍锦天府,8400.0,汉南,93,137,3,4
534,绿城凤起乐鸣,19200.0,东湖高新,109,142,3,4
535,中建壹品澜庭,9319.0,沌口开发区,103,130,3,4
536,世茂龙湾国风十期,18000.0,蔡甸,92,132,2,2
540,华宇旭辉星空,17000.0,江岸,32,140,1,2
541,奥山经开澎湃城,9000.0,沌口开发区,112,136,3,4
542,纽宾凯汉city汉棠,21000.0,汉阳,82,90,2,2
546,华生城首府,15200.0,硚口,43,85,2,3
548,奥山首府,8500.0,蔡甸,115,141,3,4
550,兰亭风华,7700.0,汉南,93,143,3,3
551,奥山首府,15500.0,蔡甸,140,140,6,6
554,泰禾知音湖院子,13600.0,蔡甸,147,170,4,4
555,光谷澎湃城奥山府,30000.0,东湖高新,251,310,4,5
558,保利和光晨樾,24000.0,江夏,164,167,3,3
559,碧桂园凤凰湾,13000.0,汉南,176,196,4,5
560,金拓银湖时代,14160.0,东西湖,116,119,3,3
561,沙湖九号,41600.0,洪山,127,202,3,4
562,恺德中心,24000.0,东湖高新,55,55,2,2
563,天纵御府,11000.0,黄陂,104,136,4,4
564,汉悦府坤璟,20640.0,江岸,147,192,4,4
565,中信泰富滨江金融城,41600.0,江岸,164,199,3,4
566,学林博雅天城,6500.0,新洲,106,135,3,3
567,智慧车都青年城,7945.0,沌口开发区,56,116,1,3
568,金地保利褐石公馆,22500.0,洪山,138,146,3,3
571,绿地汉正中心,24000.0,江汉,62,178,1,2
572,汉阳城二期云顶,20500.0,汉阳,117,141,3,3
573,智慧车都青年城,16000.0,沌口开发区,174,261,3,4
576,汉阳城二期云顶,16800.0,汉阳,49,77,2,2
577,华发四季,13525.0,东西湖,90,131,3,4
578,汉口澎湃城,14900.0,东西湖,98,127,3,3
579,中铁世纪金桥,12500.0,汉阳,45,75,1,2
580,翡翠中心润玺,15767.0,硚口,118,161,3,4
582,绿地城,12000.0,汉南,247,405,6,8
583,江山如画,32000.0,硚口,52,245,2,6
584,华中智谷,12000.0,沌口开发区,32,41,1,1
585,华发越秀悦府,13000.0,黄陂,90,130,3,4
589,星湖湾及君怡公馆,22000.0,江岸,77,121,2,3
590,欧亚达云栖,10500.0,东西湖,49,98,2,2
592,五矿澜悦云玺,18000.0,黄陂,147,195,3,4
593,华发峰尚,13600.0,新洲,115,141,2,3
594,欣隆湖滨半岛,16500.0,新洲,251,333,4,4
599,中建星光城,17850.0,东湖高新,128,138,3,4
601,中粮光谷祥云,28000.0,东湖高新,163,164,4,4
602,汉口幸福万象,17500.0,江岸,32,64,1,3
605,碧桂园云玺,27000.0,东湖高新,162,170,4,4
607,湾郡北岸公馆,20166.0,东湖高新,174,174,4,4
608,湾郡北岸公馆,21662.0,东湖高新,153,214,4,4
610,百瑞景滨江生活区,7671.0,新洲,107,132,3,3
612,南益名悦华府,11273.0,洪山,95,129,3,4
616,地铁时代云上城,14000.0,东西湖,83,151,2,4
617,融创望江府,23417.0,武昌,95,133,3,3
618,九州通健康城,23417.0,汉阳,54,58,2,3
619,保利香颂,40000.0,汉阳,297,297,4,4
620,梧桐花园,16172.0,洪山,74,148,3,4
621,融创珞瑜路95号,30600.0,洪山,115,175,3,4
622,金融街金悦府,16150.0,江夏,94,164,3,4
623,碧桂园光谷十里春风,17500.0,东湖高新,109,141,3,3
624,阳光100凤凰街,13208.0,江夏,78,127,3,3
625,华中中交城,13000.0,沌口开发区,45,80,1,2
626,碧桂园云境,27000.0,东湖高新,165,172,4,5
628,纽宾凯公园里,17500.0,汉阳,46,46,1,1
629,世茂龙湾国风十一期,23000.0,蔡甸,91,141,2,3
630,百秀城,9500.0,黄陂,117,142,3,4
631,金地中核格林格林,10836.0,蔡甸,99,169,3,4
635,方园,19500.0,青山,108,143,3,4
637,光明府,9300.0,蔡甸,91,120,3,3
638,江御,23000.0,汉阳,138,293,4,5
639,武地融创金麟壹号,7000.0,江夏,85,140,2,4
640,华润万象城·幸福里,37878.0,江岸,180,330,3,5
641,新城桃李郡,13000.0,东西湖,101,130,3,3
642,汉口道6号,13000.0,东西湖,99,125,3,3
643,富力西溪悦居,13500.0,东西湖,94,120,3,3
644,中交香颂,5500.0,新洲,96,128,3,3
645,华发未来城,7327.0,新洲,86,105,3,3
647,中国铁建江语城,12212.0,东西湖,111,132,3,4
648,地铁时代常青城,11000.0,东西湖,37,77,1,2
651,海伦春天四期,11000.0,汉阳,43,43,1,1
652,铂悦中心,11000.0,汉南,50,78,1,3
653,奥园滨江国际,20500.0,青山,95,117,3,3
654,广电兰亭盛荟,12000.0,汉阳,35,117,1,2
655,碧桂园学府壹号,6600.0,蔡甸,35,105,1,2
656,交投逸景天宸,6600.0,蔡甸,104,123,3,3
657,金湖听语,12500.0,东西湖,50,75,1,3
658,武汉自贸城,9000.0,东西湖,36,91,2,4
659,武地汉樾台,17200.0,硚口,86,170,2,4
660,九坤五环璟城,14000.0,东西湖,97,109,3,3
661,庭瑞U-ME,35000.0,沌口开发区,38,38,1,1
663,交投合盛嘉园,9643.0,黄陂,110,146,3,4
664,湖景雅苑,7000.0,新洲,104,206,3,4
665,荣盛华庭,9424.0,蔡甸,96,137,3,3
666,越秀博悦府,9060.0,蔡甸,113,123,3,3
668,百步亭和谐里,18200.0,江岸,121,220,3,4
670,越秀国际金融汇,22000.0,江汉,110,273,2,6
671,武汉美桥富力广场,15140.0,东湖高新,66,86,2,3
673,五环天地,18800.0,洪山,43,89,1,2
676,新力雅园,20000.0,洪山,96,117,3,3
683,玉水金苑,6800.0,新洲,137,143,3,4
684,碧桂园光谷十里春风别墅,27000.0,东湖高新,141,151,3,4
685,绿城凤起乐鸣,28000.0,东湖高新,175,220,3,3
686,武地华发时光,13500.0,东西湖,99,135,3,4
688,光谷学府,27000.0,东湖高新,141,141,4,4
689,祥和喜盈门,6200.0,新洲,116,139,3,3
690,曦地港CITY ON,7289.0,新洲,83,136,2,4
693,绿地光谷中心城,13500.0,东湖高新,53,78,1,1
696,至尚青年汇,8760.0,沌口开发区,28,63,1,2
697,绿地香树花城,13000.0,青山,43,61,3,4
699,中国铁建知语城,9426.0,蔡甸,107,127,3,3
700,武地万科万维天地,31500.0,硚口,119,143,3,3
701,幸福时代大家,16200.0,江岸,69,121,1,3
705,碧桂园桃李东方,8052.0,新洲,109,117,3,3
706,武汉诺德逸都,8580.0,新洲,86,117,3,4
707,天纵时代城,12580.0,黄陂,95,130,3,3
708,宝业星毓府,8100.0,新洲,101,141,3,4
709,金凤东城,8100.0,黄陂,104,173,3,4
710,花博汇桃李春风,32000.0,蔡甸,90,205,3,4
711,武建龙樾上城,11500.0,黄陂,113,148,3,4
712,江南春城,22000.0,青山,97,126,3,3
714,汉津阳光城,7887.0,蔡甸,100,115,3,3
715,佳阳国际,7000.0,新洲,185,185,2,2
721,华发中城中央公园,23000.0,新洲,142,142,5,5
724,广电兰亭盛荟,23857.0,汉阳,170,280,3,4
727,武地融创水韵长洲,7120.0,新洲,88,125,3,4
729,交投华园,15000.0,东湖高新,97,128,3,3
730,华发外滩荟,55000.0,江岸,199,206,3,3
731,佳阳大都府,7461.0,新洲,77,117,2,3
732,交投华园,28000.0,东湖高新,125,140,3,4
735,BOSS SPACE企业家领域,16000.0,东西湖,196,239,6,1
736,BOSS SPACE企业家领域,16000.0,东西湖,37,37,2,2
737,金汇中心,14000.0,东西湖,52,109,1,3
740,盘龙正荣府,13000.0,黄陂,97,115,3,4
741,地铁复兴城,13000.0,武昌,30,168,1,4
743,绿地城,6000.0,汉南,32,98,1,2
745,锦绣江城,16229.0,洪山,78,118,2,3
746,华侨城欢乐天际,16229.0,洪山,106,168,3,4
747,富力西溪悦居,24000.0,东西湖,118,131,4,4
748,中国中铁金桥璟园,20300.0,汉阳,82,127,3,4
756,中城光谷龙山湖,19000.0,东湖高新,165,230,3,4
757,月亮湾壹号,30300.0,武昌,125,180,3,4
762,中建中法之星,30300.0,蔡甸,92,129,3,3
763,城投联投江南岸,17000.0,洪山,105,129,3,3
766,佳兆业滨江新城,8900.0,沌口开发区,92,124,3,4
769,武汉碧桂园公园里,16331.0,东西湖,97,120,3,3
771,武地城开恒瑞欣园,8005.0,蔡甸,99,117,3,3
772,星悦城六期玺樾,20250.0,江岸,106,128,3,3
773,融创首创 | 国际智慧生态城市悦晴天,8500.0,沌口开发区,92,105,3,3
775,武地建发玺院,38000.0,东湖高新,155,155,5,5
777,香澜公馆,17000.0,沌口开发区,111,143,3,3
778,绿地大都会,12000.0,洪山,99,120,3,3
779,纽宾凯汉City总部壹号,17500.0,汉阳,47,67,1,1
780,世茂锦绣长江天胤二期,24500.0,汉阳,113,284,2,4
781,学林御景雅苑,6850.0,新洲,98,124,3,3
782,龙湖光谷城御景,12000.0,东湖高新,73,73,2,2
785,美联城观,19625.0,江岸,77,138,4,4
789,招商愉樾,25000.0,汉阳,88,144,3,4
790,福星惠誉东湖城拾光,14700.0,洪山,29,53,1,1
791,海伦堡海悦世界,14700.0,汉阳,117,143,3,4
794,世茂云锦瑰海园,15700.0,洪山,105,125,3,4
798,招商一江璟城璟公馆,11500.0,青山,38,59,1,1
799,龙湖三千城,16800.0,洪山,110,120,3,3
800,金地朗悦,12000.0,蔡甸,95,125,3,3
801,印湖云著,12000.0,蔡甸,97,134,3,4
802,中国城乡香樾洲,12000.0,沌口开发区,108,188,3,4
804,华发中城中央荟,7800.0,新洲,87,117,3,3
809,元舍,35000.0,东西湖,197,287,4,5
811,城南华府书香世家,35000.0,新洲,95,143,3,4
812,世茂龙湾国风十二期,20000.0,蔡甸,94,107,3,4
815,民发·盛特区,32000.0,东湖高新,113,138,3,4
818,金地朗悦,15000.0,蔡甸,128,143,4,4
822,祥和都市花园,7941.0,新洲,139,139,3,3
823,江南新天地,35000.0,江夏,399,450,4,4
824,海伦堡海悦世界,35000.0,汉阳,69,70,3,3
828,天池雅园,11000.0,黄陂,56,70,1,2
829,万科新世纪翡翠滨江,20000.0,汉阳,112,132,3,4
837,武汉孔雀城壹滨江,8900.0,黄陂,90,110,3,3
838,华宇东原金科渝樾大观,8900.0,汉南,90,105,3,3
844,武汉金茂智慧科学城,8900.0,汉阳,107,181,3,4
857,金色港湾君临水岸,50000.0,沌口开发区,143,156,6,6
858,方岛金茂智慧科学城,50000.0,汉阳,107,181,3,4
865,CBD楚世家,34000.0,江汉,122,215,3,4
866,绿地汉口中心,14000.0,江岸,162,162,4,4
867,兴华御水澜湾,33000.0,汉阳,260,290,5,5
868,碧桂园晴川府,20000.0,汉阳,58,120,1,3
869,海伦国际,13000.0,洪山,139,173,4,8
870,爱家名校华城,12600.0,洪山,90,136,4,4
871,江景湾,6865.0,汉南,121,121,3,3
872,汉南天地,8000.0,汉南,94,129,2,3
874,王家湾中央生活区,8000.0,汉阳,106,109,3,3
875,联投花山郡住宅,15700.0,东湖高新,151,180,3,3
877,光谷青年汇,14000.0,东湖高新,38,51,1,1
878,武汉碧桂园天玺湾,30000.0,江夏,174,450,4,5
879,融侨方圆,11500.0,黄陂,107,137,3,4
881,中南拂晓城,8500.0,黄陂,107,328,1,5
885,光谷创新天地,19258.0,东湖高新,140,180,3,4
888,路劲时代城,8900.0,江夏,92,127,2,2
891,复地海上海,17000.0,汉阳,45,69,1,2
892,滨湖明珠,6900.0,鄂城区,123,123,3,3
893,花样年香门第,16000.0,葛店开发区,143,244,3,5
899,世茂龙湾八期,9000.0,蔡甸,95,123,3,3
901,东原启城,14907.0,洪山,108,142,3,4
903,梦想特区宏图里,14600.0,东西湖,115,204,3,5
904,华发峰尚,7200.0,新洲,90,118,3,3
905,博学尚品,7200.0,沌口开发区,45,79,1,3
906,天宇万象国际二期,16000.0,硚口,108,128,3,3
910,奥特莱斯V公寓,16000.0,黄陂,37,64,1,1
911,武久阳光城,16000.0,新洲,86,111,2,3
913,光谷one39,16000.0,东湖高新,15,126,3,3
914,长投珑庭,16000.0,武昌,50,105,1,3
915,都市礼寓,16000.0,江汉,48,81,1,2
916,青澳都市尚巢,16000.0,汉阳,46,54,2,3
917,万金国际广场,16500.0,武昌,44,50,1,1
919,杨春湖畔,19646.0,洪山,126,126,3,3
920,瑞景天成,19646.0,江岸,89,133,3,3
921,瑞云居,19646.0,江岸,75,126,2,3
922,名流世家,19646.0,江岸,73,102,2,3
923,中部慧谷二期,19646.0,东西湖,43,120,1,4
937,东湖楚天府,26000.0,洪山,40,55,1,2
938,圣诚阳光丽景,26000.0,江岸,28,53,3,3
940,欣隆壹号公馆,26000.0,汉阳,90,124,2,3
942,巴黎春天,26000.0,洪山,84,120,2,3
943,保利茉莉公馆,26000.0,东湖高新,41,41,2,2
945,星海虹城3期鸿玺公馆,26000.0,武昌,69,69,1,1
951,观澜国际,26000.0,汉阳,43,60,2,2
953,西山林语,26000.0,蔡甸,35,48,1,2
956,汉水岸,26000.0,硚口,62,123,2,3
960,金山左岸时代,26000.0,东西湖,50,120,1,3
962,凯旋名居,26000.0,东西湖,90,136,2,4
964,联想江城雅居,26000.0,东湖高新,85,200,2,5
966,福地名郡,26000.0,江夏,86,89,2,2
967,常福国际商务广场,26000.0,蔡甸,117,117,3,3
969,祥生柏景湾学府,26000.0,东西湖,43,93,1,3
970,恒大龙城,26000.0,黄陂,113,128,3,3
971,大拇指广场,26000.0,蔡甸,67,67,3,3
972,大拇指广场,26000.0,蔡甸,40,117,2,3
973,卓尔生活城,26000.0,黄陂,80,128,2,4
974,万科翡翠国际,26000.0,江汉,140,160,3,3
977,观湖天下,26000.0,新洲,95,98,3,3
978,半岛华庭,26000.0,新洲,57,113,1,3
979,汉飞洋房印象,26000.0,黄陂,108,109,3,3
981,华虹领航城,12000.0,黄陂,42,42,3,3
982,阳逻金色港湾,12000.0,新洲,85,132,2,3
983,黄陂人信城,12000.0,黄陂,81,128,2,4
984,鑫城宜居,12000.0,东西湖,80,80,2,2
986,花样年花样城二期,12000.0,东西湖,87,104,3,3
990,紫轩时代广场,12000.0,黄陂,84,116,2,3
992,海天幸福天地一期,12000.0,沌口开发区,54,106,1,3
993,新世界梦湖香郡三期,12000.0,江岸,239,239,4,4
995,兴华御水澜湾,14500.0,汉阳,115,197,3,4
996,海伦春天三期,14500.0,汉阳,97,126,3,4
997,自由半岛,14500.0,黄陂,156,156,4,4
999,统建新干线,14500.0,江岸,87,120,3,3
